Product Code,Type,Description
bpjs-kesehatan,BPJS,BPJS Kesehatan
emoney-dana-10,Emoney Dana,E-Money DANA 10K
emoney-dana-100,Emoney Dana,E-Money DANA 100K
emoney-dana-1000,Emoney Dana,E-Money DANA 1000K
emoney-dana-15,Emoney Dana,E-Money DANA 15K
emoney-dana-150,Emoney Dana,E-Money DANA 150K
emoney-dana-20,Emoney Dana,E-Money DANA 20K
emoney-dana-200,Emoney Dana,E-Money DANA 200K
emoney-dana-25,Emoney Dana,E-Money DANA 25K
emoney-dana-250,Emoney Dana,E-Money DANA 250K
emoney-dana-30,Emoney Dana,E-Money DANA 30K
emoney-dana-300,Emoney Dana,E-Money DANA 300K
emoney-dana-40,Emoney Dana,E-Money DANA 40K
emoney-dana-400,Emoney Dana,E-Money DANA 400K
emoney-dana-45,Emoney Dana,E-Money DANA 45K
emoney-dana-50,Emoney Dana,E-Money DANA 50K
emoney-dana-500,Emoney Dana,E-Money DANA 500K
emoney-dana-600,Emoney Dana,E-Money DANA 600K
emoney-dana-700,Emoney Dana,E-Money DANA 700K
emoney-dana-75,Emoney Dana,E-Money DANA 75K
emoney-dana-800,Emoney Dana,E-Money DANA 800K
emoney-dana-900,Emoney Dana,E-Money DANA 900K
emoney-gopay-1000k,Emoney Gopay,GOPAY 1000K
emoney-gopay-100k,Emoney Gopay,GOPAY 100K
emoney-gopay-10k,Emoney Gopay,GOPAY 10K
emoney-gopay-150k,Emoney Gopay,GOPAY 150K
emoney-gopay-15k,Emoney Gopay,GOPAY 15K
emoney-gopay-200k,Emoney Gopay,GOPAY 200K
emoney-gopay-20k,Emoney Gopay,GOPAY 20K
emoney-gopay-250k,Emoney Gopay,GOPAY 250K
emoney-gopay-25k,Emoney Gopay,GOPAY 25K
emoney-gopay-300k,Emoney Gopay,GOPAY 300K
emoney-gopay-30k,Emoney Gopay,GOPAY 30K
emoney-gopay-350k,Emoney Gopay,GOPAY 350K
emoney-gopay-400k,Emoney Gopay,GOPAY 400K
emoney-gopay-40k,Emoney Gopay,GOPAY 40K
emoney-gopay-450k,Emoney Gopay,GOPAY 450K
emoney-gopay-500k,Emoney Gopay,GOPAY 500K
emoney-gopay-50k,Emoney Gopay,GOPAY 50K
emoney-gopay-5k,Emoney Gopay,GOPAY 5K
emoney-gopay-75k,Emoney Gopay,GOPAY 75K
emoney-gopaydriver-100k,Emoney Gopay,GOPAY Driver 100K
emoney-gopaydriver-10k,Emoney Gopay,GOPAY Driver 10K
emoney-gopaydriver-150k,Emoney Gopay,GOPAY Driver 150K
emoney-gopaydriver-15k,Emoney Gopay,GOPAY Driver 15K
emoney-gopaydriver-200k,Emoney Gopay,GOPAY Driver 200K
emoney-gopaydriver-20k,Emoney Gopay,GOPAY Driver 20K
emoney-gopaydriver-25k,Emoney Gopay,GOPAY Driver 25K
emoney-gopaydriver-300k,Emoney Gopay,GOPAY Driver 300K
emoney-gopaydriver-30k,Emoney Gopay,GOPAY Driver 30K
emoney-gopaydriver-35k,Emoney Gopay,GOPAY Driver 35K
emoney-gopaydriver-40k,Emoney Gopay,GOPAY Driver 40K
emoney-gopaydriver-45k,Emoney Gopay,GOPAY Driver 45K
emoney-gopaydriver-500k,Emoney Gopay,GOPAY Driver 500K
emoney-gopaydriver-50k,Emoney Gopay,GOPAY Driver 50K
emoney-gopaydriver-55k,Emoney Gopay,GOPAY Driver 55K
emoney-gopaydriver-60k,Emoney Gopay,GOPAY Driver 60K
emoney-gopaydriver-65k,Emoney Gopay,GOPAY Driver 65K
emoney-gopaydriver-70k,Emoney Gopay,GOPAY Driver 70K
emoney-gopaydriver-75k,Emoney Gopay,GOPAY Driver 75K
emoney-gopaydriver-80k,Emoney Gopay,GOPAY Driver 80K
emoney-gopaydriver-85k,Emoney Gopay,GOPAY Driver 85K
emoney-gopaydriver-90k,Emoney Gopay,GOPAY Driver 90K
emoney-gopaydriver-95k,Emoney Gopay,GOPAY Driver 95K
emoney-linkaja-1000k,Emoney Link Aja,LINKAJA 1000K
emoney-linkaja-100k,Emoney Link Aja,LINKAJA 100K
emoney-linkaja-10k,Emoney Link Aja,LINKAJA 10K
emoney-linkaja-150k,Emoney Link Aja,LINKAJA 150K
emoney-linkaja-15k,Emoney Link Aja,LINKAJA 15K
emoney-linkaja-200k,Emoney Link Aja,LINKAJA 200K
emoney-linkaja-20k,Emoney Link Aja,LINKAJA 20K
emoney-linkaja-250k,Emoney Link Aja,LINKAJA 250K
emoney-linkaja-25k,Emoney Link Aja,LINKAJA 25K
emoney-linkaja-300k,Emoney Link Aja,LINKAJA 300K
emoney-linkaja-30k,Emoney Link Aja,LINKAJA 30K
emoney-linkaja-350k,Emoney Link Aja,LINKAJA 350K
emoney-linkaja-400k,Emoney Link Aja,LINKAJA 400K
emoney-linkaja-40k,Emoney Link Aja,LINKAJA 40K
emoney-linkaja-450k,Emoney Link Aja,LINKAJA 450K
emoney-linkaja-500k,Emoney Link Aja,LINKAJA 500K
emoney-linkaja-50k,Emoney Link Aja,LINKAJA 50K
emoney-linkaja-55k,Emoney Link Aja,LINKAJA 55K
emoney-linkaja-5k,Emoney Link Aja,LINKAJA 5K
emoney-linkaja-600k,Emoney Link Aja,LINKAJA 600K
emoney-linkaja-60k,Emoney Link Aja,LINKAJA 60K
emoney-linkaja-700k,Emoney Link Aja,LINKAJA 700K
emoney-linkaja-70k,Emoney Link Aja,LINKAJA 70K
emoney-linkaja-75k,Emoney Link Aja,LINKAJA 75K
emoney-linkaja-800k,Emoney Link Aja,LINKAJA 800K
emoney-linkaja-80k,Emoney Link Aja,LINKAJA 80K
emoney-linkaja-900k,Emoney Link Aja,LINKAJA 900K
emoney-linkaja-90k,Emoney Link Aja,LINKAJA 90K
emoney-linkaja-95k,Emoney Link Aja,LINKAJA 95K
emoney-mandiri_etoll-100k,Emoney Mandiri Etoll,MANDIRI ETOLL 100K
emoney-mandiri_etoll-10k,Emoney Mandiri Etoll,MANDIRI ETOLL 10K
emoney-mandiri_etoll-150k,Emoney Mandiri Etoll,MANDIRI ETOLL 150K
emoney-mandiri_etoll-200k,Emoney Mandiri Etoll,MANDIRI ETOLL 200K
emoney-mandiri_etoll-20k,Emoney Mandiri Etoll,MANDIRI ETOLL 20K
emoney-mandiri_etoll-25k,Emoney Mandiri Etoll,MANDIRI ETOLL 25K
emoney-mandiri_etoll-300k,Emoney Mandiri Etoll,MANDIRI ETOLL 300K
emoney-mandiri_etoll-30k,Emoney Mandiri Etoll,MANDIRI ETOLL 30K
emoney-mandiri_etoll-400k,Emoney Mandiri Etoll,MANDIRI ETOLL 400K
emoney-mandiri_etoll-40k,Emoney Mandiri Etoll,MANDIRI ETOLL 40K
emoney-mandiri_etoll-500k,Emoney Mandiri Etoll,MANDIRI ETOLL 500K
emoney-mandiri_etoll-50k,Emoney Mandiri Etoll,MANDIRI ETOLL 50K
emoney-maxim-100K,Emoney Maxim,Maxim 100000
emoney-maxim-10K,Emoney Maxim,Maxim 10000
emoney-maxim-147K,Emoney Maxim,Maxim 147000
emoney-maxim-15K,Emoney Maxim,Maxim 15000
emoney-maxim-17K,Emoney Maxim,Maxim 17000
emoney-maxim-197K,Emoney Maxim,Maxim 197000
emoney-maxim-20K,Emoney Maxim,Maxim 20000
emoney-maxim-247K,Emoney Maxim,Maxim 247000
emoney-maxim-27K,Emoney Maxim,Maxim 27000
emoney-maxim-300K,Emoney Maxim,Maxim 300000
emoney-maxim-30K,Emoney Maxim,Maxim 30000
emoney-maxim-42K,Emoney Maxim,Maxim 42000
emoney-maxim-50K,Emoney Maxim,Maxim 50000
emoney-maxim-5K,Emoney Maxim,Maxim 5000
emoney-maxim-7K,Emoney Maxim,Maxim 7000
emoney-maxim-97K,Emoney Maxim,Maxim 97000
emoney-maximdriver-100k,Emoney Maxim,Maxim Driver 100K
emoney-maximdriver-10k,Emoney Maxim,Maxim Driver 10K
emoney-maximdriver-147k,Emoney Maxim,Maxim Driver 147K
emoney-maximdriver-15k,Emoney Maxim,Maxim Driver 15K
emoney-maximdriver-197k,Emoney Maxim,Maxim Driver 197K
emoney-maximdriver-20k,Emoney Maxim,Maxim Driver 20K
emoney-maximdriver-247k,Emoney Maxim,Maxim Driver 247K
emoney-maximdriver-27k,Emoney Maxim,Maxim Driver 27K
emoney-maximdriver-300k,Emoney Maxim,Maxim Driver 300K
emoney-maximdriver-30k,Emoney Maxim,Maxim Driver 30K
emoney-maximdriver-40k,Emoney Maxim,Maxim Driver 40K
emoney-maximdriver-42k,Emoney Maxim,Maxim Driver 42K
emoney-maximdriver-47k,Emoney Maxim,Maxim Driver 47K
emoney-maximdriver-50k,Emoney Maxim,Maxim Driver 50K
emoney-maximdriver-5k,Emoney Maxim,Maxim Driver 5K
emoney-maximdriver-7k,Emoney Maxim,Maxim Driver 7K
emoney-maximdriver-97k,Emoney Maxim,Maxim Driver 97K
emoney-ovo-1000k,Emoney OVO,OVO 1000K
emoney-ovo-100k,Emoney OVO,OVO 100K
emoney-ovo-125k,Emoney OVO,OVO 125K
emoney-ovo-150k,Emoney OVO,OVO 150K
emoney-ovo-175k,Emoney OVO,OVO 175K
emoney-ovo-200k,Emoney OVO,OVO 200K
emoney-ovo-20k,Emoney OVO,OVO 20K
emoney-ovo-250k,Emoney OVO,OVO 250K
emoney-ovo-25k,Emoney OVO,OVO 25K
emoney-ovo-300k,Emoney OVO,OVO 300K
emoney-ovo-30k,Emoney OVO,OVO 30K
emoney-ovo-400k,Emoney OVO,OVO 400K
emoney-ovo-40k,Emoney OVO,OVO 40K
emoney-ovo-500k,Emoney OVO,OVO 500K
emoney-ovo-50k,Emoney OVO,OVO 50K
emoney-ovo-600k,Emoney OVO,OVO 600K
emoney-ovo-60k,Emoney OVO,OVO 60K
emoney-ovo-700k,Emoney OVO,OVO 700K
emoney-ovo-70k,Emoney OVO,OVO 70K
emoney-ovo-75k,Emoney OVO,OVO 75K
emoney-ovo-800k,Emoney OVO,OVO 800K
emoney-ovo-80k,Emoney OVO,OVO 80K
emoney-ovo-90k,Emoney OVO,OVO 90K
emoney-shopeepay-1000k,Emoney ShopeePay,ShopeePay 1000K
emoney-shopeepay-100k,Emoney ShopeePay,ShopeePay 100K
emoney-shopeepay-10k,Emoney ShopeePay,ShopeePay 10K
emoney-shopeepay-150k,Emoney ShopeePay,ShopeePay 150K
emoney-shopeepay-15k,Emoney ShopeePay,ShopeePay 15K
emoney-shopeepay-200k,Emoney ShopeePay,ShopeePay 200K
emoney-shopeepay-20k,Emoney ShopeePay,ShopeePay 20K
emoney-shopeepay-250k,Emoney ShopeePay,ShopeePay 250K
emoney-shopeepay-25k,Emoney ShopeePay,ShopeePay 25K
emoney-shopeepay-300k,Emoney ShopeePay,ShopeePay 300K
emoney-shopeepay-30k,Emoney ShopeePay,ShopeePay 30K
emoney-shopeepay-35k,Emoney ShopeePay,ShopeePay 35K
emoney-shopeepay-400k,Emoney ShopeePay,ShopeePay 400K
emoney-shopeepay-40k,Emoney ShopeePay,ShopeePay 40K
emoney-shopeepay-45k,Emoney ShopeePay,ShopeePay 45K
emoney-shopeepay-500k,Emoney ShopeePay,ShopeePay 500K
emoney-shopeepay-50k,Emoney ShopeePay,ShopeePay 50K
emoney-shopeepay-55k,Emoney ShopeePay,ShopeePay 55K
emoney-shopeepay-600k,Emoney ShopeePay,ShopeePay 600K
emoney-shopeepay-60k,Emoney ShopeePay,ShopeePay 60K
emoney-shopeepay-65k,Emoney ShopeePay,ShopeePay 65K
emoney-shopeepay-700k,Emoney ShopeePay,ShopeePay 700K
emoney-shopeepay-70k,Emoney ShopeePay,ShopeePay 70K
emoney-shopeepay-75k,Emoney ShopeePay,ShopeePay 75K
emoney-shopeepay-800k,Emoney ShopeePay,ShopeePay 800K
emoney-shopeepay-80k,Emoney ShopeePay,ShopeePay 80K
emoney-shopeepay-85k,Emoney ShopeePay,ShopeePay 85K
emoney-shopeepay-900k,Emoney ShopeePay,ShopeePay 900K
emoney-shopeepay-90k,Emoney ShopeePay,ShopeePay 90K
emoney-shopeepay-95k,Emoney ShopeePay,ShopeePay 95K
game-battlenet-sea10,Game,Battlenet Sea $10
game-battlenet-sea20,Game,Battlenet Sea $20
game-battlenet-sea5,Game,Battlenet Sea $5
game-garena-10,Game,Garena 33 Shell
game-garena-100,Game,Garena 330 Shell
game-garena-20,Game,Garena 66 Shell
game-garena-50,Game,Garena 165 Shell
game-gemscool10,Game,Gemscool 1.000 G-Cash
game-gemscool100,Game,Gemscool 10.000 G-Cash
game-gemscool20,Game,Gemscool 2.000 G-Cash
game-gemscool200,Game,Gemscool 20.000 G-Cash
game-gemscool30,Game,Gemscool 3.000 G-Cash
game-gemscool300,Game,Gemscool 30.000 G-Cash
game-gemscool50,Game,Gemscool 5.000 G-Cash
game-gplay-id100,Game,GooglePlay Rp.100K
game-gplay-id150,Game,GooglePlay Rp.150K
game-gplay-id20,Game,GooglePlay Rp.20K
game-gplay-id300,Game,GooglePlay Rp.300K
game-gplay-id50,Game,GooglePlay Rp.50K
game-gplay-id500,Game,GooglePlay Rp.500K
game-gplay-us10,Game,GooglePlay $10
game-gplay-us15,Game,GooglePlay $15
game-gplay-us50,Game,GooglePlay $50
game-itunes-us10,Game,i-Tunes $10
game-itunes-us100,Game,i-Tunes $100
game-itunes-us15,Game,i-Tunes $15
game-itunes-us25,Game,i-Tunes $25
game-mobile_legend-12,Game,Mobile Legend 12 Diamonds
game-mobile_legend-2010,Game,Mobile Legend 2010 Diamonds
game-mobile_legend-28,Game,Mobile Legend 28 Diamonds
game-mobile_legend-36,Game,Mobile Legend 36 Diamonds
game-mobile_legend-4,Game,Mobile Legend 4 Diamonds
game-mobile_legend-568,Game,Mobile Legend 568 Diamonds
game-mobile_legend-6004,Game,Mobile Legend 6004 Diamonds
game-mobile_legend-85,Game,Mobile Legend 85 Diamonds
game-mobile_legend-875,Game,Mobile Legend 875 Diamonds
game-mycard-150,Game,MyCard 150 Points
game-mycard-50,Game,MyCard 50 Points
game-playstation-100,Game,Playstation Rp.100K
game-playstation-12bln,Game,PlayStation 12 Bln
game-playstation-200,Game,Playstation Rp.200K
game-playstation-3bln,Game,PlayStation 3 Bln
game-playstation-400,Game,PlayStation Rp.400K
game-pubg-earlybird,Game,PUBG Earlybird Key
game-pubg-steam,Game,PUBG Steam Key
game-ragnarok-1200k,Game,Ragnarok 1.200.000 Zeny
game-ragnarok-120k,Game,Ragnarok 120.000 Zeny
game-ragnarok-18k,Game,Ragnarok 18.000 Zeny
game-ragnarok-1980k,Game,Ragnarok 1.980.000 Zeny
game-ragnarok-200k,Game,Ragnarok 200.000 Zeny
game-ragnarok-2980k,Game,Ragnarok 2.980.000 Zeny
game-ragnarok-300k,Game,Ragnarok 300.000 Zeny
game-ragnarok-36k,Game,Ragnarok 36.000 Zeny
game-ragnarok-400k,Game,Ragnarok 400.000 Zeny
game-ragnarok-40k,Game,Ragnarok 40.000 Zeny
game-ragnarok-54k,Game,Ragnarok 54.000 Zeny
game-ragnarok-5980k,Game,Ragnarok 5.980.000 Zeny
game-ragnarok-600k,Game,Ragnarok 600.000 Zeny
game-ragnarok-72k,Game,Ragnarok 72.000 Zeny
game-ragnarok-800k,Game,Ragnarok 800.000 Zeny
game-ragnarok-80k,Game,Ragnarok 80.000 Zeny
game-ragnarok-8k,Game,Ragnarok 8.000 Zeny
game-ragnarok-90k,Game,Ragnarok 90.000 Zeny
game-razer-100,Game,Razer PIN 100 Point
game-razer-1000,Game,Razer PIN 1000 Point
game-razer-200,Game,Razer PIN 200 Point
game-razer-2000,Game,Razer PIN 2000 Point
game-razer-500,Game,Razer PIN 500 Point
game-steam-120k,Game,Steam Wallet Code 120K
game-steam-12k,Game,Steam Wallet Code 12K
game-steam-250k,Game,Steam Wallet Code 250K
game-steam-400k,Game,Steam Wallet Code 400K
game-steam-45k,Game,Steam Wallet Code 45K
game-steam-600k,Game,Steam Wallet Code 600K
game-steam-60k,Game,Steam Wallet Code 60K
game-steam-90k,Game,Steam Wallet Code 90K
gas-pertagas,Gas,PERTAGAS
gas-pgn,Gas,Gas PGN
finance-adira,Multifinance,ADIRA
finance-aeon,Multifinance,AEON Cicilan
finance-arthaasia,Multifinance,Artha Asia
finance-arthaprima,Multifinance,Artha Prima
finance-baf,Multifinance,BAF
finance-bca,Multifinance,BCA Finance
finance-bfi,Multifinance,BFI
finance-bima,Multifinance,Bima Finance
finance-cimb,Multifinance,CIMB Auto Finance
finance-clipan,Multifinance,Clipan Finance
finance-columbia,Multifinance,COLUMBIA
finance-fif,Multifinance,FIF
finance-fifsyariah,Multifinance,FIF SYARIAH
finance-homecredit,Multifinance,HOME CREDIT
finance-indomobil,Multifinance,Indomobil Finance
finance-itc,Multifinance,ITC Multifinance
finance-jaccs,Multifinance,JACCS MPM Finance
finance-maf,Multifinance,MAF
finance-mandala,Multifinance,Mandala Finance
finance-mcf,Multifinance,MCF
finance-mega,Multifinance,Mega Finance
finance-mnc,Multifinance,MNC Finance
finance-muf,Multifinance,Mandiri Utama Finance (MUF)
finance-nsc,Multifinance,NSC Finance
finance-pci,Multifinance,Pro Car Internasional (PCI)
finance-promitra,Multifinance,Pro Mitra
finance-radana,Multifinance,Radana
finance-smart,Multifinance,Smart Finance
finance-sms,Multifinance,SMS Finance
finance-suzuki,Multifinance,Suzuki Finance
finance-toyotaastra,Multifinance,Toyota Astra Financial
finance-woka,Multifinance,WOKA
finance-wom,Multifinance,WOM
pbb-kab-alor,Pajak,PBB Kab. Alor
pbb-kab-asahan,Pajak,PBB Kab. Asahan
pbb-kab-balangan,Pajak,PBB Kab. Balangan
pbb-kab-banjarnegara,Pajak,PBB Kab. Banjarnegara
pbb-kab-bantaeng,Pajak,PBB Kab. Bantaeng
pbb-kab-banyumas,Pajak,PBB Kab. Banyumas
pbb-kab-baritokuala,Pajak,PBB Kab. Barito Kuala
pbb-kab-barru,Pajak,PBB Kab. Barru
pbb-kab-batang,Pajak,PBB Kab. Batang
pbb-kab-batubara,Pajak,PBB Kab. Batu Bara
pbb-kab-belu,Pajak,PBB Kab. Belu
pbb-kab-bengkalis,Pajak,PBB Kab. Bengkalis
pbb-kab-bengkayang,Pajak,PBB Kab. Bengkayang
pbb-kab-berau,Pajak,PBB Kab. Berau
pbb-kab-bima,Pajak,PBB Kab. Bima
pbb-kab-bintan,Pajak,PBB Kab. Bintan
pbb-kab-blora,Pajak,PBB Kab. Blora
pbb-kab-bondowoso,Pajak,PBB Kab. Bondowoso
pbb-kab-bone,Pajak,PBB Kab. Bone
pbb-kab-boyolali,Pajak,PBB Kab. Boyolali
pbb-kab-brebes,Pajak,PBB Kab. Brebes
pbb-kab-bulukumba,Pajak,PBB Kab. Bulukumba
pbb-kab-bulungan,Pajak,PBB Kab. Bulungan
pbb-kab-cilacap,Pajak,PBB Kab. Cilacap
pbb-kab-dairi,Pajak,PBB Kab. Dairi
pbb-kab-demak,Pajak,PBB Kab. Demak
pbb-kab-dompu,Pajak,PBB Kab. Dompu
pbb-kab-ende,Pajak,PBB Kab. Ende
pbb-kab-enrekang,Pajak,PBB Kab. Enrekang
pbb-kab-gowa,Pajak,PBB Kab. Gowa
pbb-kab-grobogan,Pajak,PBB Kab. Grobogan
pbb-kab-hulusungaiselatan,Pajak,PBB Kab. Hulu Sungai Selatan
pbb-kab-hulusungaitengah,Pajak,PBB Kab. Hulu Sungai Tengah
pbb-kab-hulusungaiutara,Pajak,PBB Kab. Hulu Sungai Utara
pbb-kab-humbanghasundutan,Pajak,PBB Kab. Humbang Hasundutan
pbb-kab-indragirihilir,Pajak,PBB Kab. Indragiri Hilir
pbb-kab-indragirihulu,Pajak,PBB Kab. Indragiri Hulu
pbb-kab-jeneponto,Pajak,PBB Kab. Jeneponto
pbb-kab-jepara,Pajak,PBB Kab. Jepara
pbb-kab-kampar,Pajak,PBB Kab. Kampar
pbb-kab-karanganyar,Pajak,PBB Kab. Karanganyar
pbb-kab-karimun,Pajak,PBB Kab. Karimun
pbb-kab-karo,Pajak,PBB Kab. Karo
pbb-kab-kebumen,Pajak,PBB Kab. Kebumen
pbb-kab-kendal,Pajak,PBB Kab. Kendal
pbb-kab-kepulauananambas,Pajak,PBB Kab. Kepulauan Anambas
pbb-kab-kepulauanmeranti,Pajak,PBB Kab. Kepulauan Meranti
pbb-kab-kepulauanselayar,Pajak,PBB Kab. Kepulauan Selayar
pbb-kab-klaten,Pajak,PBB Kab. Klaten
pbb-kab-kotabaru,Pajak,PBB Kab. Kotabaru
pbb-kab-kuantansingingi,Pajak,PBB Kab. Kuantan Singingi
pbb-kab-kuburaya,Pajak,PBB Kab. Kubu Raya
pbb-kab-kudus,Pajak,PBB Kab. Kudus
pbb-kab-kupang,Pajak,PBB Kab. Kupang
pbb-kab-kutaibarat,Pajak,PBB Kab. Kutai Barat
pbb-kab-kutaikartanegara,Pajak,PBB Kab. Kutai Kartanegara
pbb-kab-kutaitimur,Pajak,PBB Kab. Kutai Timur
pbb-kab-labuhanbatu,Pajak,PBB Kab. Labuhan Batu
pbb-kab-labuhanbatuselatan,Pajak,PBB Kab. Labuhan Batu Selatan
pbb-kab-labuhanbatuutara,Pajak,PBB Kab. Labuhan Batu Utara
pbb-kab-lampungbarat,Pajak,PBB Kab. Lampung Barat
pbb-kab-lampungselatan,Pajak,PBB Kab. Lampung Selatan
pbb-kab-lampungtengah,Pajak,PBB Kab. Lampung Tengah
pbb-kab-landak,Pajak,PBB Kab. Landak
pbb-kab-langkat,Pajak,PBB Kab. Langkat
pbb-kab-lombokbarat,Pajak,PBB Kab. Lombok Barat
pbb-kab-lombokutara,Pajak,PBB Kab. Lombok Utara
pbb-kab-luwu,Pajak,PBB Kab. Luwu
pbb-kab-madiun,Pajak,PBB Kab. Madiun
pbb-kab-magelang,Pajak,PBB Kab. Magelang
pbb-kab-majene,Pajak,PBB Kab. Majene
pbb-kab-malinau,Pajak,PBB Kab. Malinau
pbb-kab-mamasa,Pajak,PBB Kab. Mamasa
pbb-kab-mamuju,Pajak,PBB Kab. Mamuju
pbb-kab-mamujutengah,Pajak,PBB Kab. Mamuju Tengah
pbb-kab-mandailingnatal,Pajak,PBB Kab. Mandailing Natal
pbb-kab-manggarai,Pajak,PBB Kab. Manggarai
pbb-kab-manggaraibarat,Pajak,PBB Kab. Manggarai Barat
pbb-kab-maros,Pajak,PBB Kab. Maros
pbb-kab-mempawah,Pajak,PBB Kab. Mempawah
pbb-kab-minahasatenggara,Pajak,PBB Kab. Minahasa Tenggara
pbb-kab-natuna,Pajak,PBB Kab. Natuna
pbb-kab-ngada,Pajak,PBB Kab. Ngada
pbb-kab-nganjuk,Pajak,PBB Kab. Nganjuk
pbb-kab-nias,Pajak,PBB Kab. Nias
pbb-kab-nunukan,Pajak,PBB Kab. Nunukan
pbb-kab-okuselatan,Pajak,PBB Kab. Oku Selatan
pbb-kab-padanglawas,Pajak,PBB Kab. Padang Lawas
pbb-kab-padanglawasutara,Pajak,PBB Kab. Padang Lawas Utara
pbb-kab-pakpakbharat,Pajak,PBB Kab. Pakpak Bharat
pbb-kab-pandeglang,Pajak,PBB Kab. Pandeglang
pbb-kab-pangkep,Pajak,PBB Kab. Pangkep
pbb-kab-pasangkayu,Pajak,PBB Kab. Pasangkayu
pbb-kab-pati,Pajak,PBB Kab. Pati
pbb-kab-pekalongan,Pajak,PBB Kab. Pekalongan
pbb-kab-pelalawan,Pajak,PBB Kab. Pelalawan
pbb-kab-pemalang,Pajak,PBB Kab. Pemalang
pbb-kab-penajampaserutara,Pajak,PBB Kab. Penajam Paser Utara
pbb-kab-pesawaran,Pajak,PBB Kab. Pesawaran
pbb-kab-pohuwato,Pajak,PBB Kab. Pohuwato
pbb-kab-polewalimandar,Pajak,PBB Kab. Polewali Mandar
pbb-kab-pringsewu,Pajak,PBB Kab. Pringsewu
pbb-kab-purbalingga,Pajak,PBB Kab. Purbalingga
pbb-kab-purworejo,Pajak,PBB Kab. Purworejo
pbb-kab-rembang,Pajak,PBB Kab. Rembang
pbb-kab-rokanhilir,Pajak,PBB Kab. Rokan Hilir
pbb-kab-rokanhulu,Pajak,PBB Kab. Rokan Hulu
pbb-kab-rotendao,Pajak,PBB Kab. Rote Ndao
pbb-kab-sambas,Pajak,PBB Kab. Sambas
pbb-kab-samosir,Pajak,PBB Kab. Samosir
pbb-kab-semarang,Pajak,PBB Kab. Semarang
pbb-kab-serdangberdagai,Pajak,PBB Kab. Serdang Berdagai
pbb-kab-siak,Pajak,PBB Kab. Siak
pbb-kab-sidrap,Pajak,PBB Kab. Sidrap
pbb-kab-sikka,Pajak,PBB Kab. Sikka
pbb-kab-simalungun,Pajak,PBB Kab. Simalungun
pbb-kab-sinjai,Pajak,PBB Kab. Sinjai
pbb-kab-sitaro,Pajak,PBB Kab. Sitaro
pbb-kab-soppeng,Pajak,PBB Kab. Soppeng
pbb-kab-sragen,Pajak,PBB Kab. Sragen
pbb-kab-sukoharjo,Pajak,PBB Kab. Sukoharjo
pbb-kab-sumbabaratdaya,Pajak,PBB Kab. Sumba Barat Daya
pbb-kab-tabalong,Pajak,PBB Kab. Tabalong
pbb-kab-takalar,Pajak,PBB Kab. Takalar
pbb-kab-tanahbumbu,Pajak,PBB Kab. Tanah Bumbu
pbb-kab-tanahlaut,Pajak,PBB Kab. Tanah Laut
pbb-kab-tanatidung,Pajak,PBB Kab. Tana Tidung
pbb-kab-tanatoraja,Pajak,PBB Kab. Tana Toraja
pbb-kab-tapanuliselatan,Pajak,PBB Kab. Tapanuli Selatan
pbb-kab-tapanuliutara,Pajak,PBB Kab. Tapanuli Utara
pbb-kab-tapin,Pajak,PBB Kab. Tapin
pbb-kab-tegal,Pajak,PBB Kab. Tegal
pbb-kab-temanggung,Pajak,PBB Kab. Temanggung
pbb-kab-timortengahselatan,Pajak,PBB Kab. Timor Tengah Selatan
pbb-kab-tobasamosir,Pajak,PBB Kab. Toba Samosir
pbb-kab-torajautara,Pajak,PBB Kab. Toraja Utara
pbb-kab-tuban,Pajak,PBB Kab. Tuban
pbb-kab-wajo,Pajak,PBB Kab. Wajo
pbb-kab-waykanan,Pajak,PBB Kab. Way Kanan
pbb-kab-wonogiri,Pajak,PBB Kab. Wonogiri
pbb-kab-wonosobo,Pajak,PBB Kab. Wonosobo
pbb-kota-balikpapan,Pajak,PBB Kota Balikpapan
pbb-kota-banjarbaru,Pajak,PBB Kota Banjarbaru
pbb-kota-banjarmasin,Pajak,PBB Kota Banjarmasin
pbb-kota-batam,Pajak,PBB Kota Batam
pbb-kota-bima,Pajak,PBB Kota Bima
pbb-kota-binjai,Pajak,PBB Kota Binjai
pbb-kota-bitung,Pajak,PBB Kota Bitung
pbb-kota-bontang,Pajak,PBB Kota Bontang
pbb-kota-dumai,Pajak,PBB Kota Dumai
pbb-kota-kupang,Pajak,PBB Kota Kupang
pbb-kota-lubuklinggau,Pajak,PBB Kota Lubuklinggau
pbb-kota-madiun,Pajak,PBB Kota Madiun
pbb-kota-magelang,Pajak,PBB Kota Magelang
pbb-kota-makassar,Pajak,PBB Kota Makassar
pbb-kota-mataram,Pajak,PBB Kota Mataram
pbb-kota-medan,Pajak,PBB Kota Medan
pbb-kota-padangpanjang,Pajak,PBB Kota Padang Panjang
pbb-kota-padangsidempuan,Pajak,PBB Kota Padang Sidempuan
pbb-kota-palembang,Pajak,PBB Kota Palembang
pbb-kota-palopo,Pajak,PBB Kota Palopo
pbb-kota-pangkalpinang,Pajak,PBB Kota Pangkal Pinang
pbb-kota-parepare,Pajak,PBB Kota Parepare
pbb-kota-pekalongan,Pajak,PBB Kota Pekalongan
pbb-kota-pekanbaru,Pajak,PBB Kota Pekanbaru
pbb-kota-pematangsiantar,Pajak,PBB Kota Pematang Siantar
pbb-kota-salatiga,Pajak,PBB Kota Salatiga
pbb-kota-samarinda,Pajak,PBB Kota Samarinda
pbb-kota-semarang,Pajak,PBB Kota Semarang
pbb-kota-sibolga,Pajak,PBB Kota Sibolga
pbb-kota-singkawang,Pajak,PBB Kota Singkawang
pbb-kota-surakartasolo,Pajak,PBB Kota Surakarta Solo
pbb-kota-tanjungbalai,Pajak,PBB Kota Tanjung Balai
pbb-kota-tanjungpinang,Pajak,PBB Kota Tanjung Pinang
pbb-kota-tarakan,Pajak,PBB Kota Tarakan
pbb-kota-tebingtinggi,Pajak,PBB Kota Tebing Tinggi
pbb-kota-tegal,Pajak,PBB Kota Tegal
paketdata-axis-aigo1,Paket Data AXIS,Axis Aigo 1GB 24 JAM
paketdata-axis-aigo2,Paket Data AXIS,Axis Aigo 2GB 24 JAM
paketdata-axis-aigo3,Paket Data AXIS,Axis Aigo 3GB 24 JAM
paketdata-axis-aigo5,Paket Data AXIS,Axis Aigo 5GB 24 JAM
paketdata-axis-aigom1,Paket Data AXIS,Axis Aigo Mini 1GB 24 JAM
paketdata-axis-aigom2,Paket Data AXIS,Axis Aigo Mini 2GB 24 JAM
paketdata-axis-aigom3,Paket Data AXIS,Axis Aigo Mini 3GB 24 JAM
paketdata-axis-aigom5,Paket Data AXIS,Axis Aigo Mini 5GB 24 JAM
paketdata-axis-bro1,Paket Data AXIS,BRONET 1GB 30Hari
paketdata-axis-bro10,Paket Data AXIS,BRONET 10GB 24JAM 30Hari
paketdata-axis-bro1060d,Paket Data AXIS,BRONET 10GB 24JAM 60Hari
paketdata-axis-bro12,Paket Data AXIS,BRONET 12GB 24JAM 30Hari
paketdata-axis-bro1260d,Paket Data AXIS,BRONET 12GB 24JAM 60Hari
paketdata-axis-bro15d,Paket Data AXIS,BRONET 1GB 24JAM 5Hari
paketdata-axis-bro16,Paket Data AXIS,BRONET 16GB 24JAM 30Hari
paketdata-axis-bro1660d,Paket Data AXIS,BRONET 16GB 24JAM 60Hari
paketdata-axis-bro2,Paket Data AXIS,BRONET 2GB 30Hari
paketdata-axis-bro260d,Paket Data AXIS,BRONET 2GB 24JAM 60Hari
paketdata-axis-bro27d,Paket Data AXIS,BRONET 2GB 24JAM 7Hari
paketdata-axis-bro3,Paket Data AXIS,BRONET 3GB 24JAM 30Hari
paketdata-axis-bro315d,Paket Data AXIS,BRONET 3GB 24JAM 15Hari
paketdata-axis-bro360d,Paket Data AXIS,BRONET 3GB 24JAM 60Hari
paketdata-axis-bro5,Paket Data AXIS,BRONET 5GB 24JAM 30Hari
paketdata-axis-bro515d,Paket Data AXIS,BRONET 5GB 24JAM 15Hari
paketdata-axis-bro560d,Paket Data AXIS,BRONET 5GB 24JAM 60Hari
paketdata-axis-bro8,Paket Data AXIS,BRONET 8GB 24JAM 30Hari
paketdata-axis-bro860d,Paket Data AXIS,BRONET 8GB 24JAM 60Hari
paketdata-axis-bronew12,Paket Data AXIS,BRONET 3GB+9GB(4G) 24 JAM
paketdata-axis-bronew2,Paket Data AXIS,BRONET 1GB+1GB(4G) 24 JAM
paketdata-axis-bronew4,Paket Data AXIS,BRONET 1GB+3GB(4G) 24 JAM
paketdata-axis-bronew8,Paket Data AXIS,BRONET 2GB+6GB(4G) 24 JAM
paketdata-axis-owsem16,Paket Data AXIS,OWSEM 16G(2G+4GSOSMED+4GMUSIK+6GMALAM)
paketdata-axis-owsem24,Paket Data AXIS,OWSEM 24G(3G+6GSOSMED+6GMUSIK+9GMALAM)
paketdata-axis-owsem32,Paket Data AXIS,OWSEM 32G(4G+8GSOSMED+8GMUSIK+12GMALAM)
paketdata-axis-owsem48,Paket Data AXIS,OWSEM 48G(6G+12GSOSMED+12GMUSIK+18GMALAM)
paketdata-axis-owsem60,Paket Data AXIS,OWSEM 60G(10G+20GSOSMED+20GMUSIK+30GMALAM)
paketdata-indosat-10gb,Paket Data Indosat,Data Indosat 10GB
paketdata-indosat-1gb,Paket Data Indosat,Data Indosat 1GB
paketdata-indosat-2gb,Paket Data Indosat,Data Indosat 2GB
paketdata-indosat-300mb,Paket Data Indosat,Data Indosat 300MB
paketdata-indosat-3gb,Paket Data Indosat,Data Indosat 3GB
paketdata-indosat-500mb,Paket Data Indosat,Data Indosat 500MB
paketdata-indosat-5gb,Paket Data Indosat,Data Indosat 5GB
paketdata-indosat-7gb,Paket Data Indosat,Data Indosat 7GB
paketdata-indosat-app1,Paket Data Indosat,DATA UNL 1GB+4.5GB APPS 30 HARI
paketdata-indosat-app10,Paket Data Indosat,DATA UNL 10GB+25GB APPS 30 HARI
paketdata-indosat-app2,Paket Data Indosat,DATA UNL 2GB+7.5GB APPS 30 HARI
paketdata-indosat-app7,Paket Data Indosat,DATA UNL 7GB+20GB APPS 30 HARI
paketdata-indosat-combo_l,Paket Data Indosat,Freedom Combo L (12+10GB)
paketdata-indosat-combo_m,Paket Data Indosat,Freedom Combo M (5+5GB)
paketdata-indosat-combo_xl,Paket Data Indosat,Freedom Combo XL (20+15GB)
paketdata-indosat-combo_xxl,Paket Data Indosat,Freedom Combo XXL (37+20GB)
paketdata-indosat-edu10g,Paket Data Indosat,Freedom Apps EDU 10GB(7 Hari)
paketdata-indosat-edu2g,Paket Data Indosat,Freedom Apps EDU 2GB(2 Hari)
paketdata-indosat-edu30g,Paket Data Indosat,Freedom Apps EDU 30GB(30 Hari)
paketdata-indosat-edu6g,Paket Data Indosat,Freedom Apps EDU 6GB(3 Hari)
paketdata-indosat-extra2gb,Paket Data Indosat,Ekstra Quota 2GB
paketdata-indosat-extra4gb,Paket Data Indosat,Ekstra Quota 4GB
paketdata-indosat-extra6gb,Paket Data Indosat,Ekstra Quota 6GB
paketdata-indosat-fh14,Paket Data Indosat,Kuota 14GB(1GB/Hari) 14 Hari
paketdata-indosat-fh28,Paket Data Indosat,Kuota 28GB(1GB/Hari) 28 Hari
paketdata-indosat-fh7,Paket Data Indosat,Kuota 7GB(1GB/Hari) 7 Hari
paketdata-indosat-fip1gb,Paket Data Indosat,Freedom Internet Plus 1GB
paketdata-indosat-fip2gb,Paket Data Indosat,Freedom Internet Plus 2GB
paketdata-indosat-fip4gb,Paket Data Indosat,Freedom Internet Plus 4GB
paketdata-indosat-fip5gb,Paket Data Indosat,Freedom Internet Plus 5GB
paketdata-indosat-freedom10,Paket Data Indosat,INDOSAT FREEDOM 10GB 30 HARI
paketdata-indosat-freedom18,Paket Data Indosat,INDOSAT FREEDOM 18GB 30 HARI
paketdata-indosat-freedom2,Paket Data Indosat,INDOSAT FREEDOM 2GB 30 HARI
paketdata-indosat-freedom25,Paket Data Indosat,INDOSAT FREEDOM 25GB 30 HARI
paketdata-indosat-freedom3,Paket Data Indosat,INDOSAT FREEDOM 3GB 30 HARI
paketdata-indosat-freedom4,Paket Data Indosat,INDOSAT FREEDOM 4GB 30 HARI
paketdata-indosat-freedomnona14,Paket Data Indosat,DATA 7.5GB+3.5GB LOKAL NON ATTACK+3GB (01-06) 30Hr
paketdata-indosat-freedomnona20,Paket Data Indosat,DATA 11GB+5GB LOKAL NON ATTACK+4GB (01-06) 30Hr
paketdata-indosat-freedomnona30,Paket Data Indosat,DATA 16GB+8GB LOKAL NON ATTACK+6GB (01-06) 30Hr
paketdata-indosat-freedomnona4,Paket Data Indosat,DATA 2GB+1GB LOKAL NON ATTACK+1GB (01-06) 30Hr
paketdata-indosat-freedomnona8,Paket Data Indosat,DATA 4GB+2GB LOKAL NON ATTACK+2GB (01-06) 30Hr
paketdata-indosat-fun10g30h,Paket Data Indosat,Freedom Apps FUN 10GB(30 Hari)
paketdata-indosat-fun2g7h,Paket Data Indosat,Freedom Apps FUN 2GB(7 Hari)
paketdata-indosat-fun6g15h,Paket Data Indosat,Freedom Apps FUN 6GB(15 Hari)
paketdata-indosat-fun8g30h,Paket Data Indosat,Freedom Apps FUN 8GB(30 Hari)
paketdata-indosat-hjk_20hari,Paket Data Indosat,Haji Komplit 20 Hari
paketdata-indosat-hjk_40hari,Paket Data Indosat,Haji Komplit 40 Hari
paketdata-indosat-hju_20hari,Paket Data Indosat,Haji Unlimited 20 Hari
paketdata-indosat-hju_40hari,Paket Data Indosat,Haji Unlimited 40 Hari
paketdata-indosat-hjv_40hari,Paket Data Indosat,Haji Voice+SMS 40 Hari
paketdata-indosat-pure100m,Paket Data Indosat,Data Pure 100Mb(30hr)
paketdata-indosat-pure10g,Paket Data Indosat,Data Pure 10Gb(30hr)
paketdata-indosat-pure1g,Paket Data Indosat,Data Pure 1Gb(30hr)
paketdata-indosat-pure200m,Paket Data Indosat,Data Pure 200Mb(30hr)
paketdata-indosat-pure2g,Paket Data Indosat,Data Pure 2Gb(30hr)
paketdata-indosat-pure300m,Paket Data Indosat,Data Pure 300Mb(30hr)
paketdata-indosat-pure3g,Paket Data Indosat,Data Pure 3Gb(30hr)
paketdata-indosat-pure400m,Paket Data Indosat,Data Pure 400Mb(30hr)
paketdata-indosat-pure4g,Paket Data Indosat,Data Pure 4Gb(30hr)
paketdata-indosat-pure500m,Paket Data Indosat,Data Pure 500Mb(30hr)
paketdata-indosat-pure5g,Paket Data Indosat,Data Pure 5Gb(30hr)
paketdata-indosat-pure6g,Paket Data Indosat,Data Pure 6Gb(30hr)
paketdata-indosat-pure750m,Paket Data Indosat,Data Pure 750Mb(30hr)
paketdata-indosat-pure7g,Paket Data Indosat,Data Pure 7Gb(30hr)
paketdata-indosat-pure8g,Paket Data Indosat,Data Pure 8Gb(30hr)
paketdata-indosat-pure9g,Paket Data Indosat,Data Pure 9Gb(30hr)
paketdata-indosat-unlimited10gb,Paket Data Indosat,Freedom U 10Gb
paketdata-indosat-unlimited15gb,Paket Data Indosat,Freedom U 15Gb
paketdata-indosat-unlimited1gb,Paket Data Indosat,Freedom U 1Gb
paketdata-indosat-unlimited1gb7h,Paket Data Indosat,Freedom U 1Gb(7hr)
paketdata-indosat-unlimited2gb,Paket Data Indosat,Freedom U 2Gb
paketdata-indosat-unlimited3gb,Paket Data Indosat,Freedom U 3Gb
paketdata-indosat-unlimited5gb,Paket Data Indosat,Freedom U 5Gb+15GB Apps
paketdata-indosat-unlimited7gb,Paket Data Indosat,Freedom U 7Gb
paketdata-indosat-unlimitedjumbo,Paket Data Indosat,Freedom U Jumbo
paketdata-indosat-yellow1,Paket Data Indosat,Yellow 1GB (1 Hari)
paketdata-indosat-yellow15,Paket Data Indosat,Yellow 1GB (15 Hari)
paketdata-indosat-yellow3,Paket Data Indosat,Yellow 1GB (3 Hari)
paketdata-indosat-yellow7,Paket Data Indosat,Yellow 1GB (7 Hari)
paketdata-smartfren-100k,Paket Data Smartfren,Internet Volume 100K(15+15GB)
paketdata-smartfren-10g,Paket Data Smartfren,DATA 5GB+5GB
paketdata-smartfren-10k,Paket Data Smartfren,Internet Volume 10K(1.25+1.75GB)
paketdata-smartfren-150k,Paket Data Smartfren,Internet Volume 150K(22.5+22.5GB)
paketdata-smartfren-16g,Paket Data Smartfren,DATA 8GB+8GB
paketdata-smartfren-200k,Paket Data Smartfren,Internet Volume 200K(30+30GB)
paketdata-smartfren-20k,Paket Data Smartfren,Internet Volume 20K(2+2GB)
paketdata-smartfren-30g,Paket Data Smartfren,DATA 15GB+15GB
paketdata-smartfren-30gunli,Paket Data Smartfren,DATA 1GB/Hari (30Hr)
paketdata-smartfren-30k,Paket Data Smartfren,Internet Volume 30K(4+4GB)
paketdata-smartfren-40k,Paket Data Smartfren,Internet Volume 40K(6+8GB)
paketdata-smartfren-60k,Paket Data Smartfren,Internet Volume 60K(8+8GB)
paketdata-smartfren-65k,Paket Data Smartfren,Internet Volume 65K
paketdata-smartfren-unl20,Paket Data Smartfren,4G UNLIMITED 7 HARI
paketdata-smartfren-unl40,Paket Data Smartfren,4G UNLIMITED 14 HARI
paketdata-smartfren-unl50,Paket Data Smartfren,4G LITE UNLIMITED 28 HARI
paketdata-smartfren-unl80,Paket Data Smartfren,4G UNLIMITED 80K
paketdata-telkomsel-100k,Paket Data Telkomsel,Data 100K (2.5GB-4.5GB)
paketdata-telkomsel-10k,Paket Data Telkomsel,Data 10K (100MB/7Hari)
paketdata-telkomsel-200k,Paket Data Telkomsel,Data 200K (50GB)
paketdata-telkomsel-20k,Paket Data Telkomsel,Data 20K (200MB-420MB/7Hari)
paketdata-telkomsel-25k,Paket Data Telkomsel,Data 25K (360MB-800MB/30Hari)
paketdata-telkomsel-50k,Paket Data Telkomsel,Data 50K (800M-1.5GB)
paketdata-telkomsel-5k,Paket Data Telkomsel,Data 5K (50MB/1Hari)
paketdata-telkomsel-asia_15m_1d,Paket Data Telkomsel,3in1 Roaming Asia 1Hr 250MB 15mnt
paketdata-telkomsel-asia_15m_3d,Paket Data Telkomsel,3in1 Roaming Asia 3Hr 750MB 15mnt
paketdata-telkomsel-asia_30m_5d,Paket Data Telkomsel,3in1 Roaming Asia 5Hr 1.25GB 30mnt
paketdata-telkomsel-asia_30m_7d,Paket Data Telkomsel,3in1 Roaming Asia 7Hr 1.75GB 30mnt
paketdata-telkomsel-asia_aus_1d,Paket Data Telkomsel,Roaming Asia-Australia 1Hr 250MB
paketdata-telkomsel-asia_aus_3d,Paket Data Telkomsel,Roaming Asia-Australia 3Hr 750MB
paketdata-telkomsel-asia_aus_7d,Paket Data Telkomsel,Roaming Asia-Australia 7Hr 1.75GB
paketdata-telkomsel-bulk12gb,Paket Data Telkomsel,Data Bulk 12GB
paketdata-telkomsel-bulk25gb,Paket Data Telkomsel,Data Bulk 25GB
paketdata-telkomsel-bulk2gb,Paket Data Telkomsel,Data Bulk 2GB
paketdata-telkomsel-bulk3gb,Paket Data Telkomsel,Data Bulk 3GB
paketdata-telkomsel-bulk50gb,Paket Data Telkomsel,Data Bulk 50GB
paketdata-telkomsel-bulk5gb,Paket Data Telkomsel,Data Bulk 5GB
paketdata-telkomsel-bulk8gb,Paket Data Telkomsel,Data Bulk 8GB
paketdata-telkomsel-eropa_1d,Paket Data Telkomsel,Roaming Eropa 1Hr 500MB
paketdata-telkomsel-eropa_3d,Paket Data Telkomsel,Roaming Eropa 3Hr 1.5GB
paketdata-telkomsel-eropa_7d,Paket Data Telkomsel,Roaming Eropa 7Hr 3.5GB
paketdata-telkomsel-flash100k,Paket Data Telkomsel,Flash 100K(12GB/30Hari)
paketdata-telkomsel-flash100m,Paket Data Telkomsel,Flash 100MB
paketdata-telkomsel-flash10k,Paket Data Telkomsel,Flash 10K(100MB/7Hari)
paketdata-telkomsel-flash1g,Paket Data Telkomsel,Flash 1GB
paketdata-telkomsel-flash200k,Paket Data Telkomsel,Flash 200K(50GB/30Hari)
paketdata-telkomsel-flash20k,Paket Data Telkomsel,Flash 20K(500MB/7Hari)
paketdata-telkomsel-flash250m,Paket Data Telkomsel,Flash 250MB
paketdata-telkomsel-flash25k,Paket Data Telkomsel,Flash 25K(1GB/30Hari)
paketdata-telkomsel-flash2g,Paket Data Telkomsel,Flash 2GB
paketdata-telkomsel-flash3g,Paket Data Telkomsel,Flash 3GB
paketdata-telkomsel-flash4g,Paket Data Telkomsel,Flash 4GB
paketdata-telkomsel-flash500m,Paket Data Telkomsel,Flash 500MB
paketdata-telkomsel-flash50k,Paket Data Telkomsel,Flash 50K(2GB/30Hari)
paketdata-telkomsel-flash5g,Paket Data Telkomsel,Flash 5GB
paketdata-telkomsel-flash750m,Paket Data Telkomsel,Flash 750MB
paketdata-telkomsel-flash8g,Paket Data Telkomsel,Flash 8GB
paketdata-telkomsel-haji_20d,Paket Data Telkomsel,Internet Haji 20Hr 7GB
paketdata-telkomsel-haji_40d,Paket Data Telkomsel,Internet Haji 40Hr 15GB
paketdata-telkomsel-haji_40m_20d,Paket Data Telkomsel,3in1 Haji 20Hr 7GB 40mnt
paketdata-telkomsel-haji_60m_40d,Paket Data Telkomsel,3in1 Haji 40Hr 15GB 60mnt
paketdata-telkomsel-kuotabelajar,Paket Data Telkomsel,Kuota Belajar 10GB+100MB / 30hari
paketdata-telkomsel-malay_1d,Paket Data Telkomsel,Roaming Malaysia 1Hr 200MB
paketdata-telkomsel-malay_3d,Paket Data Telkomsel,Roaming Malaysia 3Hr 1GB
paketdata-telkomsel-sing_3d,Paket Data Telkomsel,Roaming Singapore 3Hr 1GB
paketdata-telkomsel-sing_7d,Paket Data Telkomsel,Roaming Singapore 7Hr 2.5GB
paketdata-telkomsel-sms1,Paket Data Telkomsel,Telkomsel SMS 1K (200 SMS)
paketdata-telkomsel-sms5,Paket Data Telkomsel,Telkomsel SMS 5K (1000 SMS)
paketdata-telkomsel-telp10,Paket Data Telkomsel,Paket Telp 10K (185+15 Menit) 1 Hari
paketdata-telkomsel-telp130,Paket Data Telkomsel,Paket Telp 130K (6250+250 Menit) 30 Hari
paketdata-telkomsel-telp20,Paket Data Telkomsel,Paket Telp 20K (370+30 Menit) 3 Hari
paketdata-telkomsel-telp25,Paket Data Telkomsel,Paket Telp 25K (550+50 Menit) 7 Hari
paketdata-telkomsel-telp5,Paket Data Telkomsel,Paket Telp 5K (80+20 Menit) 1 Hari
paketdata-telkomsel-telp50,Paket Data Telkomsel,Paket Telp 50K (1200+100 Menit) 15 Hari
paketdata-telkomsel-telp80,Paket Data Telkomsel,Paket Telp 80K (2000+100 Menit) 30 Hari
paketdata-telkomsel-umroh_14d,Paket Data Telkomsel,3in1 Umroh Plus 14Hr 10GB 60mnt
paketdata-telkomsel-umroh_30m_9d,Paket Data Telkomsel,3in1 Umroh Plus 9Hr 5GB 30mnt
paketdata-telkomsel-umroh_9d,Paket Data Telkomsel,Internet Umroh Plus 9Hr 5GB
paketdata-telkomsel-us_af_10m_3d,Paket Data Telkomsel,3in1 Roaming Amerika-Afrika 3Hr 1.05GB 10mnt
paketdata-telkomsel-us_af_20m_5d,Paket Data Telkomsel,3in1 Roaming Amerika-Afrika 5Hr 1.75GB 20mnt
paketdata-telkomsel-us_af_20m_7d,Paket Data Telkomsel,3in1 Roaming Amerika-Afrika 7Hr 2.45GB 20mnt
paketdata-telkomsel-us_af_3d,Paket Data Telkomsel,Roaming Amerika-Afrika 3Hr 1.05GB
paketdata-telkomsel-us_af_5d,Paket Data Telkomsel,Roaming Amerika-Afrika 5Hr 1.75GB
paketdata-telkomsel-us_af_7d,Paket Data Telkomsel,Roaming Amerika-Afrika 7Hr 2.45GB
paketdata-three-10gb,Paket Data Three,Three 10GB
paketdata-three-1gb,Paket Data Three,Three 1GB
paketdata-three-2gb,Paket Data Three,Three 2GB
paketdata-three-3gb,Paket Data Three,Three 3GB
paketdata-three-4gb,Paket Data Three,Three 4GB
paketdata-three-4g_10gb_30d,Paket Data Three,Three Mix Super 4G 10GB 30 Hari
paketdata-three-4g_24gb_30d,Paket Data Three,Three Mix Super 4G 24GB 30 Hari
paketdata-three-4g_30gb_30d,Paket Data Three,Three Mix Super 4G 30GB 30 Hari
paketdata-three-5gb,Paket Data Three,Three 5GB
paketdata-three-6gb,Paket Data Three,Three 6GB
paketdata-three-8gb,Paket Data Three,Three 8GB
paketdata-three-asia_1d,Paket Data Three,Asia 1 Hari 250MB
paketdata-three-asia_30d,Paket Data Three,Asia 30 Hari 1.5GB
paketdata-three-asia_3d,Paket Data Three,Asia 3 Hari 750MB
paketdata-three-asia_7d,Paket Data Three,Asia 7 Hari 1GB
paketdata-three-ibadah_10d,Paket Data Three,Roaming Ibadah 10 Days
paketdata-three-ibadah_45d,Paket Data Three,Three Ibadah 45 Days
paketdata-three-mix_combo2gb,Paket Data Three,Three Mix Combo 2 GB + 20 Menit
paketdata-three-mix_combo32gb,Paket Data Three,Three Mix Combo 32 GB + 30 Menit
paketdata-three-mix_combo38gb,Paket Data Three,Three Mix Combo 38GB + 30 menit
paketdata-three-mix_plus125gb,Paket Data Three,Three Mix Kuota++ 1.25GB
paketdata-three-mix_plus225gb,Paket Data Three,Three Mix Kuota++ 2.25GB
paketdata-three-mix_small2750mb,Paket Data Three,Three Mix Small 2.75GB (750MB + 2GB 4G)
paketdata-three-mix_small3750mb,Paket Data Three,Three Mix Small 3.75GB (1.75GB + 2GB 4G)
paketdata-three-mix_small3gb,Paket Data Three,Three Mix Small 3GB
paketdata-three-mix_small5000mb,Paket Data Three,Three Mix Small 5GB
paketdata-three-pure100mb,Paket Data Three,Three Pure 100MB 30 Hari
paketdata-three-pure10gb,Paket Data Three,Three Pure 10GB 30 Hari
paketdata-three-pure1gb,Paket Data Three,Three Pure 1GB 30 Hari
paketdata-three-pure200mb,Paket Data Three,Three Pure 200MB 30 Hari
paketdata-three-pure2gb,Paket Data Three,Three Pure 2GB 30 Hari
paketdata-three-pure500mb,Paket Data Three,Three Pure 500MB 30 Hari
paketdata-three-pure5gb,Paket Data Three,Three Pure 5GB 30 Hari
paketdata-three-sea_combo_1d,Paket Data Three,Roaming SEA Combo 1 Hr
paketdata-three-sea_combo_3d,Paket Data Three,Roaming SEA Combo 3 Hr
paketdata-xl-12,Paket Data XL,HotRod 12GB
paketdata-xl-16,Paket Data XL,HotRod 16GB
paketdata-xl-1_5,Paket Data XL,HotRod 1.5GB
paketdata-xl-3,Paket Data XL,HotRod 3GB
paketdata-xl-6,Paket Data XL,HotRod 6GB
paketdata-xl-8,Paket Data XL,HotRod 8GB
paketdata-xl-80,Paket Data XL,HotRod 800MB
paketdata-xl-pass3d,Paket Data XL,XL PASS 3 Hari
paketdata-xl-pass7d,Paket Data XL,XL PASS 7 Hari
paketdata-xl-ucl,Paket Data XL,Umroh Combo L, 10 Hari UNLIMITED
paketdata-xl-ucm,Paket Data XL,Umroh Combo M, 10 Hari UNLIMITED
paketdata-xl-ucs,Paket Data XL,Umroh Combo S,10 Hari UNLIMITED
paketdata-xl-xtracombo0612,Paket Data XL,XTRA Combo 6GB - 12 BULAN
paketdata-xl-xtracombo12,Paket Data XL,XTRA Combo 10GB+10GB
paketdata-xl-xtracombo1212,Paket Data XL,XTRA Combo 12GB - 12 BULAN
paketdata-xl-xtracombo18,Paket Data XL,XTRA Combo 15GB+15GB
paketdata-xl-xtracombo1812,Paket Data XL,XTRA Combo 18GB - 12 BULAN
paketdata-xl-xtracombo30,Paket Data XL,XTRA Combo 20GB+20GB
paketdata-xl-xtracombo3012,Paket Data XL,XTRA Combo 30GB - 12 BULAN
paketdata-xl-xtracombo42,Paket Data XL,XTRA Combo 35GB+35GB
paketdata-xl-xtracombo4212,Paket Data XL,XTRA Combo 42GB - 12 BULAN
paketdata-xl-xtracombo6,Paket Data XL,XTRA Combo 5GB+5GB
paketdata-xl-xtracombo_vip21,Paket Data XL,XTRA Combo VIP 10GB+10GB 30 Hari
paketdata-xl-xtracombo_vip30,Paket Data XL,XTRA Combo VIP 15GB+15GB 30 Hari
paketdata-xl-xtracombo_vip40,Paket Data XL,XTRA Combo VIP 20GB+20GB 30 Hari
paketdata-xl-xtracombo_vip6,Paket Data XL,XTRA Combo VIP 5GB+5GB 30 Hari
paketdata-xl-xtracombo_vip70,Paket Data XL,XTRA Combo VIP 35GB+35GB 30 Hari
pdam-girimenang-mataram,PDAM Bali dan Nusa Tenggara,PDAM Giri Menang Mataram
pdam-kab-badung,PDAM Bali dan Nusa Tenggara,PDAM Kab. Badung
pdam-kab-bangli,PDAM Bali dan Nusa Tenggara,PDAM Kab. Bangli
pdam-kab-buleleng,PDAM Bali dan Nusa Tenggara,PDAM Kab. Buleleng
pdam-kab-dompu,PDAM Bali dan Nusa Tenggara,PDAM Kab. Dompu
pdam-kab-gianyar,PDAM Bali dan Nusa Tenggara,PDAM Kab. Gianyar
pdam-kab-gianyarnonrek,PDAM Bali dan Nusa Tenggara,PDAM Kab. Gianyar Nonrek
pdam-kab-jembrana,PDAM Bali dan Nusa Tenggara,PDAM Kab. Jembrana
pdam-kab-klungkung,PDAM Bali dan Nusa Tenggara,PDAM Kab. Klungkung
pdam-kab-kupang,PDAM Bali dan Nusa Tenggara,PDAM Kab. Kupang
pdam-kab-lomboktengah,PDAM Bali dan Nusa Tenggara,PDAM Kab. Lomboktengah
pdam-kab-lomboktimur,PDAM Bali dan Nusa Tenggara,PDAM Kab. Lombok Timur
pdam-kab-manggarai,PDAM Bali dan Nusa Tenggara,PDAM Kab. Manggarai
pdam-kab-sikka,PDAM Bali dan Nusa Tenggara,PDAM Kab. Sikka
pdam-kab-sumbawa,PDAM Bali dan Nusa Tenggara,PDAM Kab. Sumbawa
pdam-kab-timortengahutara,PDAM Bali dan Nusa Tenggara,PDAM Kab. Timor Tengah Utara
pdam-kota-bima,PDAM Bali dan Nusa Tenggara,PDAM Kota Bima
pdam-kota-denpasar,PDAM Bali dan Nusa Tenggara,PDAM Kota Denpasar
pdam-kota-kupang,PDAM Bali dan Nusa Tenggara,PDAM Kota Kupang
pdam-kota-mataram,PDAM Bali dan Nusa Tenggara,PDAM Kota Mataram
pdam-kota-sumbawa,PDAM Bali dan Nusa Tenggara,PDAM Kota Sumbawa
pdam-tirta-sewakadarmabali,PDAM Bali dan Nusa Tenggara,PDAM Tirta Sewakadarma Bali
pdam-aetra,PDAM Banten dan DKI,PDAM AETRA
pdam-aetra-tangerang,PDAM Banten dan DKI,PDAM AETRA Tangerang
pdam-kab-lebak,PDAM Banten dan DKI,PDAM Kab. Lebak
pdam-kab-pandeglang,PDAM Banten dan DKI,PDAM Kab. Pandeglang
pdam-kab-serang,PDAM Banten dan DKI,PDAM Kab. Serang
pdam-kab-tangerang,PDAM Banten dan DKI,PDAM Kab. Tangerang
pdam-kota-cilegon,PDAM Banten dan DKI,PDAM Kota Cilegon
pdam-kota-tangerang,PDAM Banten dan DKI,PDAM Kota Tangerang
pdam-palyja,PDAM Banten dan DKI,PDAM PALYJA
pdam-perumdatirtakerta-tangerang,PDAM Banten dan DKI,PDAM Perumda Tirta Kerta Tangerang
pdam-kab-bantul,PDAM DI Yogyakarta,PDAM Kab. Bantul
pdam-kab-gunungkidul,PDAM DI Yogyakarta,PDAM Kab. Gunung Kidul
pdam-kab-kulonprogo,PDAM DI Yogyakarta,PDAM Kab. Kulonprogo
pdam-kab-sleman,PDAM DI Yogyakarta,PDAM Kab. Sleman
pdam-kota-yogyakarta,PDAM DI Yogyakarta,PDAM Kota Yogyakarta
pdam-kab-bandung,PDAM Jawa Barat,PDAM Kab. Bandung
pdam-kab-bandungbarat,PDAM Jawa Barat,PDAM Kab Bandung Barat
pdam-kab-bekasi,PDAM Jawa Barat,PDAM Kab. Bekasi
pdam-kab-bogor,PDAM Jawa Barat,PDAM Kab. Bogor
pdam-kab-ciamis,PDAM Jawa Barat,PDAM Kab. Ciamis
pdam-kab-cianjur,PDAM Jawa Barat,PDAM Kab. Cianjur
pdam-kab-cirebon,PDAM Jawa Barat,PDAM Kab. Cirebon
pdam-kab-garut,PDAM Jawa Barat,PDAM Kab. Garut
pdam-kab-indramayu,PDAM Jawa Barat,PDAM Kab. Indramayu
pdam-kab-karawang,PDAM Jawa Barat,PDAM Kab. Karawang
pdam-kab-kuningan,PDAM Jawa Barat,PDAM Kab. Kuningan
pdam-kab-majalengka,PDAM Jawa Barat,PDAM Kab. Majalengka
pdam-kab-purwakarta,PDAM Jawa Barat,PDAM Kab. Purwakarta
pdam-kab-subang,PDAM Jawa Barat,PDAM Kab. Subang
pdam-kab-sukabumi,PDAM Jawa Barat,PDAM Kab. Sukabumi
pdam-kab-sumedang,PDAM Jawa Barat,PDAM Kab. Sumedang
pdam-kab-tasikmalaya,PDAM Jawa Barat,PDAM Kab. Tasikmalaya
pdam-kota-bandung,PDAM Jawa Barat,PDAM Kota Bandung
pdam-kota-banjar,PDAM Jawa Barat,PDAM Kota Banjar
pdam-kota-bekasi,PDAM Jawa Barat,PDAM Kota Bekasi
pdam-kota-bogor,PDAM Jawa Barat,PDAM Kota Bogor
pdam-kota-cirebon,PDAM Jawa Barat,PDAM Kota Cirebon
pdam-kota-depok,PDAM Jawa Barat,PDAM Kota Depok
pdam-kota-sukabumi,PDAM Jawa Barat,PDAM Kota Sukabumi
pdam-kota-tasikmalaya,PDAM Jawa Barat,PDAM Kota Tasikmalaya
pdam-kab-banyumas,PDAM Jawa Tengah,PDAM Kab. Banyumas
pdam-kab-batang,PDAM Jawa Tengah,PDAM Kab. Batang
pdam-kab-blora,PDAM Jawa Tengah,PDAM Kab. Blora
pdam-kab-boyolali,PDAM Jawa Tengah,PDAM Kab. Boyolali
pdam-kab-brebes,PDAM Jawa Tengah,PDAM Kab. Brebes
pdam-kab-cilacap,PDAM Jawa Tengah,PDAM Kab. Cilacap
pdam-kab-cilacapnonrek,PDAM Jawa Tengah,PDAM Kab. Cilacap Nonrek
pdam-kab-demak,PDAM Jawa Tengah,PDAM Kab. Demak
pdam-kab-grobogan,PDAM Jawa Tengah,PDAM Kab. Grobogan
pdam-kab-jepara,PDAM Jawa Tengah,PDAM Kab. Jepara
pdam-kab-karanganyar,PDAM Jawa Tengah,PDAM Kab. Karanganyar
pdam-kab-kebumen,PDAM Jawa Tengah,PDAM Kab. Kebumen
pdam-kab-kendal,PDAM Jawa Tengah,PDAM Kab. Kendal
pdam-kab-klaten,PDAM Jawa Tengah,PDAM Kab. Klaten
pdam-kab-kudus,PDAM Jawa Tengah,PDAM Kab. Kudus
pdam-kab-magelang,PDAM Jawa Tengah,PDAM Kab. Magelang
pdam-kab-pati,PDAM Jawa Tengah,PDAM Kab. Pati
pdam-kab-pekalongan,PDAM Jawa Tengah,PDAM Kab. Pekalongan
pdam-kab-pemalang,PDAM Jawa Tengah,PDAM Kab. Pemalang
pdam-kab-purbalingga,PDAM Jawa Tengah,PDAM Kab. Purbalingga
pdam-kab-purworejo,PDAM Jawa Tengah,PDAM Kab. Purworejo
pdam-kab-rembang,PDAM Jawa Tengah,PDAM Kab. Rembang
pdam-kab-semarang,PDAM Jawa Tengah,PDAM Kab. Semarang
pdam-kab-sragen,PDAM Jawa Tengah,PDAM Kab. Sragen
pdam-kab-sukoharjo,PDAM Jawa Tengah,PDAM Kab. Sukoharjo
pdam-kab-tegal,PDAM Jawa Tengah,PDAM Kab. Tegal
pdam-kab-temanggung,PDAM Jawa Tengah,PDAM Kab. Temanggung
pdam-kab-wonogiri,PDAM Jawa Tengah,PDAM Kab. Wonogiri
pdam-kab-wonosobo,PDAM Jawa Tengah,PDAM Kab. Wonosobo
pdam-kota-batang,PDAM Jawa Tengah,PDAM Kota Batang
pdam-kota-magelang,PDAM Jawa Tengah,PDAM Kota Magelang
pdam-kota-salatiga,PDAM Jawa Tengah,PDAM Kota Salatiga
pdam-kota-semarang,PDAM Jawa Tengah,PDAM Kota Semarang
pdam-kota-solo,PDAM Jawa Tengah,PDAM Kota Solo
pdam-kota-surakarta,PDAM Jawa Tengah,PDAM Kota Surakarta
pdam-kota-tegal,PDAM Jawa Tengah,PDAM Kota Tegal
pdam-kab-bangkalan,PDAM Jawa Timur,PDAM Kab. Bangkalan
pdam-kab-banyuwangi,PDAM Jawa Timur,PDAM Kab. Banyuwangi
pdam-kab-blitar,PDAM Jawa Timur,PDAM Kab. Blitar
pdam-kab-bojonegoro,PDAM Jawa Timur,PDAM Kab. Bojonegoro
pdam-kab-bondowoso,PDAM Jawa Timur,PDAM Kab. Bondowoso
pdam-kab-gresik,PDAM Jawa Timur,PDAM Kab. Gresik
pdam-kab-jember,PDAM Jawa Timur,PDAM Kab. Jember
pdam-kab-jombang,PDAM Jawa Timur,PDAM Kab. Jombang
pdam-kab-kediri,PDAM Jawa Timur,PDAM Kab. Kediri
pdam-kab-lamongan,PDAM Jawa Timur,PDAM Kab. Lamongan
pdam-kab-lumajang,PDAM Jawa Timur,PDAM Kab. Lumajang
pdam-kab-madiun,PDAM Jawa Timur,PDAM Kab. Madiun
pdam-kab-magetan,PDAM Jawa Timur,PDAM Kab. Magetan
pdam-kab-malang,PDAM Jawa Timur,PDAM Kab. Malang
pdam-kab-mojokerto,PDAM Jawa Timur,PDAM Kab. Mojokerto
pdam-kab-nganjuk,PDAM Jawa Timur,PDAM Kab. Nganjuk
pdam-kab-ngawi,PDAM Jawa Timur,PDAM Kab. Ngawi
pdam-kab-pacitan,PDAM Jawa Timur,PDAM Kab. Pacitan
pdam-kab-pamekasan,PDAM Jawa Timur,PDAM Kab. Pamekasan
pdam-kab-pasuruan,PDAM Jawa Timur,PDAM Kab. Pasuruan
pdam-kab-ponorogo,PDAM Jawa Timur,PDAM Kab. Ponorogo
pdam-kab-probolinggo,PDAM Jawa Timur,PDAM Kab. Probolinggo
pdam-kab-sampang,PDAM Jawa Timur,PDAM Kab. Sampang
pdam-kab-sidoarjo,PDAM Jawa Timur,PDAM Kab. Sidoarjo
pdam-kab-situbondo,PDAM Jawa Timur,PDAM Kab. Situbondo
pdam-kab-sumenep,PDAM Jawa Timur,PDAM Kab. Sumenep
pdam-kab-trenggalek,PDAM Jawa Timur,PDAM Kab. Trenggalek
pdam-kab-tuban,PDAM Jawa Timur,PDAM Kab. Tuban
pdam-kab-tulungagung,PDAM Jawa Timur,PDAM Kab. Tulungagung
pdam-kota-batu,PDAM Jawa Timur,PDAM Kota Batu
pdam-kota-blitar,PDAM Jawa Timur,PDAM Kota Blitar
pdam-kota-kediri,PDAM Jawa Timur,PDAM Kota Kediri
pdam-kota-madiun,PDAM Jawa Timur,PDAM Kota Madiun
pdam-kota-malang,PDAM Jawa Timur,PDAM Kota Malang
pdam-kota-mojokerto,PDAM Jawa Timur,PDAM Kota Mojokerto
pdam-kota-pasuruan,PDAM Jawa Timur,PDAM Kota Pasuruan
pdam-kota-probolinggo,PDAM Jawa Timur,PDAM Kota Probolinggo
pdam-kota-surabaya,PDAM Jawa Timur,PDAM Kota Surabaya
pdam-kab-balangan,PDAM Kalimantan,PDAM Kab. Balangan
pdam-kab-barabai,PDAM Kalimantan,PDAM Kab. Barabai
pdam-kab-bengkayang,PDAM Kalimantan,PDAM Kab. Bekayang
pdam-kab-berau,PDAM Kalimantan,PDAM Kab. Berau
pdam-kab-hulusungaiselatan,PDAM Kalimantan,PDAM Kab. Hulu Sungai Selatan
pdam-kab-hulusungaiutara,PDAM Kalimantan,PDAM Kab. Hulu Sungai Utara
pdam-kab-kapuashulu,PDAM Kalimantan,PDAM Kab. Kapuas Hulu
pdam-kab-ketapang,PDAM Kalimantan,PDAM Kab. Ketapang
pdam-kab-kotabaru,PDAM Kalimantan,PDAM Kab. Kotabaru
pdam-kab-kotabarupulaulaut,PDAM Kalimantan,PDAM Kab. Kotabaru Pulau Laut
pdam-kab-kotawaringin,PDAM Kalimantan,PDAM Kab. Kotawaringin
pdam-kab-kotawaringintimur,PDAM Kalimantan,PDAM Kab. Kotawaringin Timur
pdam-kab-kuburaya,PDAM Kalimantan,PDAM Kab. Kuburaya
pdam-kab-kutaibarat,PDAM Kalimantan,PDAM Kab. Kutai Barat
pdam-kab-kutaikartanegara,PDAM Kalimantan,PDAM Kab. Kutai Kartanegara
pdam-kab-kutaitimur,PDAM Kalimantan,PDAM Kab. Kutai Timur
pdam-kab-lamandau,PDAM Kalimantan,PDAM Kab. Lamandau
pdam-kab-malinau,PDAM Kalimantan,PDAM Kab. Malinau
pdam-kab-melawi,PDAM Kalimantan,PDAM Kab. Melawi
pdam-kab-mempawah,PDAM Kalimantan,PDAM Kab. Mempawah
pdam-kab-pangkalanbun,PDAM Kalimantan,PDAM Kab. Pangkalanbun
pdam-kab-pasaman,PDAM Kalimantan,PDAM Kab. Pasaman
pdam-kab-paser,PDAM Kalimantan,PDAM Kab. Paser
pdam-kab-sambas,PDAM Kalimantan,PDAM Kab. Sambas
pdam-kab-sanggau,PDAM Kalimantan,PDAM Kab. Sanggau
pdam-kab-sekadau,PDAM Kalimantan,PDAM Kab. Sekadau
pdam-kab-sintang,PDAM Kalimantan,PDAM Kab. Sintang
pdam-kab-tabalong,PDAM Kalimantan,PDAM Kab. Tabalong
pdam-kab-tanahbumbu,PDAM Kalimantan,PDAM Kab. Tanah Bumbu
pdam-kab-tapin,PDAM Kalimantan,PDAM Kab. Tapin
pdam-kab-tenggarong,PDAM Kalimantan,PDAM Kab. Tenggarong
pdam-kota-balikpapan,PDAM Kalimantan,PDAM Kota Balikpapan
pdam-kota-banjarbaru,PDAM Kalimantan,PDAM Kota Banjarbaru
pdam-kota-banjarkalimantan,PDAM Kalimantan,PDAM Kota Banjar
pdam-kota-banjarmasin,PDAM Kalimantan,PDAM Kota Banjarmasin
pdam-kota-bontang,PDAM Kalimantan,PDAM Kota Bontang
pdam-kota-intanbanjar,PDAM Kalimantan,PDAM Kota Intanbanjar
pdam-kota-kutaitimur,PDAM Kalimantan,PDAM Kota Kutai Timur
pdam-kota-palangkaraya,PDAM Kalimantan,PDAM Kota Palangkaraya
pdam-kota-pangkalanbun,PDAM Kalimantan,PDAM Kota Pangkalanbun
pdam-kota-pontianak,PDAM Kalimantan,PDAM Kota Pontianak
pdam-kota-samarinda,PDAM Kalimantan,PDAM Kota Samarinda
pdam-kota-singkawang,PDAM Kalimantan,PDAM Kota Singkawang
pdam-kota-tanahgrogot,PDAM Kalimantan,PDAM Kota Tanah Grogot
pdam-kota-tarakan,PDAM Kalimantan,PDAM Kota Tarakan
pdam-kab-halmaherautara,PDAM Maluku dan Papua,PDAM Kab. Halmahera Utara
pdam-kab-jayapura,PDAM Maluku dan Papua,PDAM Kab. Jayapura
pdam-kab-malukutenggara,PDAM Maluku dan Papua,PDAM Kab. Maluku Tenggara
pdam-kota-ambon,PDAM Maluku dan Papua,PDAM Kota Ambon
pdam-kota-jayapura,PDAM Maluku dan Papua,PDAM Kota Jayapura
pdam-kota-ternate,PDAM Maluku dan Papua,PDAM Kota Ternate
pdam-kab-banggai,PDAM Sulawesi,PDAM Kab. Banggai
pdam-kab-bantaeng,PDAM Sulawesi,PDAM Kab. Bantaeng
pdam-kab-barru,PDAM Sulawesi,PDAM Kab. Barru
pdam-kab-boalemo,PDAM Sulawesi,PDAM Kab. Boalemo
pdam-kab-bone,PDAM Sulawesi,PDAM Kab. Bone
pdam-kab-bonebolango,PDAM Sulawesi,PDAM Kab. Bonebolango
pdam-kab-buton,PDAM Sulawesi,PDAM Kab. Buton
pdam-kab-donggala,PDAM Sulawesi,PDAM Kab. Donggala
pdam-kab-enrekang,PDAM Sulawesi,PDAM Kab. Enrekang
pdam-kab-gorontalo,PDAM Sulawesi,PDAM Kab. Gorontalo
pdam-kab-gowa,PDAM Sulawesi,PDAM Kab. Gowa
pdam-kab-kolaka,PDAM Sulawesi,PDAM Kab. Kolaka
pdam-kab-kolakautara,PDAM Sulawesi,PDAM Kab. Kolaka Utara
pdam-kab-limboto,PDAM Sulawesi,PDAM Kab. Limboto
pdam-kab-luwu,PDAM Sulawesi,PDAM Kab. Luwu
pdam-kab-luwutimur,PDAM Sulawesi,PDAM Kab. Luwu Timur
pdam-kab-luwuutara,PDAM Sulawesi,PDAM Kab. Luwu Utara
pdam-kab-majene,PDAM Sulawesi,PDAM Kab. Majene
pdam-kab-mamuju,PDAM Sulawesi,PDAM Kab. Mamuju
pdam-kab-maros,PDAM Sulawesi,PDAM Kab. Maros
pdam-kab-polewali,PDAM Sulawesi,PDAM Kab. Polewali
pdam-kab-polman,PDAM Sulawesi,PDAM Kab. Polman
pdam-kab-sidrap,PDAM Sulawesi,PDAM Kab. Sidrap
pdam-kab-sinjai,PDAM Sulawesi,PDAM Kab. Sinjai
pdam-kab-takalar,PDAM Sulawesi,PDAM Kab. Takalar
pdam-kab-wajo,PDAM Sulawesi,PDAM Kab. Wajo
pdam-kota-bitung,PDAM Sulawesi,PDAM Kota Bitung
pdam-kota-gorontalo,PDAM Sulawesi,PDAM Kota Gorontalo
pdam-kota-kendari,PDAM Sulawesi,PDAM Kota Kendari
pdam-kota-makassar,PDAM Sulawesi,PDAM Kota Makassar
pdam-kota-manado,PDAM Sulawesi,PDAM Kota Manado
pdam-kota-palopo,PDAM Sulawesi,PDAM Kota Palopo
pdam-kota-palu,PDAM Sulawesi,PDAM Kota Palu
pdam-kota-parepare,PDAM Sulawesi,PDAM Kota Parepare
pdam-kota-tomohon,PDAM Sulawesi,PDAM Kota Tomohon
pdam-atb-batam,PDAM Sumatera,PAM Batam
pdam-ats-palembang,PDAM Sumatera,PDAM ATS Palembang
pdam-kab-acehbarat,PDAM Sumatera,PDAM Kab. Aceh Barat
pdam-kab-acehbesar,PDAM Sumatera,PDAM Kab. Aceh Besar
pdam-kab-acehjaya,PDAM Sumatera,PDAM Kab. Aceh Jaya
pdam-kab-acehtamiang,PDAM Sumatera,PDAM Kab. Aceh Tamiang
pdam-kab-acehtimur,PDAM Sumatera,PDAM Kab. Aceh Timur
pdam-kab-acehutara,PDAM Sumatera,PDAM Kab. Aceh Utara
pdam-kab-agam,PDAM Sumatera,PDAM Kab. Agam
pdam-kab-asahan,PDAM Sumatera,PDAM Kab. Asahan
pdam-kab-bangka,PDAM Sumatera,PDAM Kab. Bangka
pdam-kab-bangkabarat,PDAM Sumatera,PDAM Kab. Bangka Barat
pdam-kab-banyuasin,PDAM Sumatera,PDAM Kab. Banyuasin
pdam-kab-batanghari,PDAM Sumatera,PDAM Kab. Batanghari
pdam-kab-belitungtimur,PDAM Sumatera,PDAM Kab. Belitung Timur
pdam-kab-bengkuluutara,PDAM Sumatera,PDAM Kab. Bengkulu Utara
pdam-kab-bungo,PDAM Sumatera,PDAM Kab. Bungo
pdam-kab-deliserdang,PDAM Sumatera,PDAM Kab. Deli Serdang
pdam-kab-indragirihilir,PDAM Sumatera,PDAM Kab. Indra Giri Hilir
pdam-kab-kampar,PDAM Sumatera,PDAM Kab. Kampar
pdam-kab-karo,PDAM Sumatera,PDAM Kab. Karo
pdam-kab-kerinci,PDAM Sumatera,PDAM Kab. Kerinci
pdam-kab-kisaran,PDAM Sumatera,PDAM Kab. Kisaran
pdam-kab-labuhanbatu,PDAM Sumatera,PDAM Kab. Labuhan Batu
pdam-kab-lampungselatan,PDAM Sumatera,PDAM Kab. Lampung Selatan
pdam-kab-limapuluhkota,PDAM Sumatera,PDAM Kab. Limapuluhkota
pdam-kab-merangin,PDAM Sumatera,PDAM Kab. Merangin
pdam-kab-minahasautara,PDAM Sumatera,PDAM Kab. Minahasa Utara
pdam-kab-muarabungo,PDAM Sumatera,PDAM Kab. Muarabungo
pdam-kab-muaraenim,PDAM Sumatera,PDAM Kab. Muara Enim
pdam-kab-muarojambi,PDAM Sumatera,PDAM Kab. Muaro Jambi
pdam-kab-musibanyuasin,PDAM Sumatera,PDAM Kab. Musi Banyuasin
pdam-kab-nias,PDAM Sumatera,PDAM Kab. Nias
pdam-kab-oganilir,PDAM Sumatera,PDAM Kab. Ogan Ilir
pdam-kab-ogankomeringulu,PDAM Sumatera,PDAM Kab. Ogan Komering Ulu
pdam-kab-okubaturaja,PDAM Sumatera,PDAM Kab. Oku Baturaja
pdam-kab-okuselatan,PDAM Sumatera,PDAM Kab. Oku Selatan
pdam-kab-padangpariaman,PDAM Sumatera,PDAM Kab. Padang Pariaman
pdam-kab-pesawaran,PDAM Sumatera,PDAM Kab. Pesawaran
pdam-kab-pesisirselatan,PDAM Sumatera,PDAM Kab. Pesisir Selatan
pdam-kab-pidie,PDAM Sumatera,PDAM Kab. Pidie
pdam-kab-prabumulih,PDAM Sumatera,PDAM Kab. Prabumulih
pdam-kab-sarolangun,PDAM Sumatera,PDAM Kab. Sarolangun
pdam-kab-sijunjung,PDAM Sumatera,PDAM Kab. Sijunjung
pdam-kab-simalungun,PDAM Sumatera,PDAM Kab. Simalungun
pdam-kab-solok,PDAM Sumatera,PDAM Kab. Solok
pdam-kab-tanahdatar,PDAM Sumatera,PDAM Kab. Tanah Datar
pdam-kab-tanjungjabungbarat,PDAM Sumatera,PDAM Kab. Tanjung Jabung Barat
pdam-kab-tapanuliutara,PDAM Sumatera,PDAM Kab. Tapanuli Utara
pdam-kab-tebo,PDAM Sumatera,PDAM Kab. Tebo
pdam-kota-bandaaceh,PDAM Sumatera,PDAM Kota Banda Aceh
pdam-kota-bandarlampung,PDAM Sumatera,PDAM Kota Bandar Lampung
pdam-kota-bengkulu,PDAM Sumatera,PDAM Kota Bengkulu
pdam-kota-bukittinggi,PDAM Sumatera,PDAM Kota Bukittinggi
pdam-kota-jambi,PDAM Sumatera,PDAM Kota Jambi
pdam-kota-langsa,PDAM Sumatera,PDAM Kota Langsa
pdam-kota-lubuklinggau,PDAM Sumatera,PDAM Kota Lubuklinggau
pdam-kota-medan,PDAM Sumatera,PDAM Kota Medan
pdam-kota-padang,PDAM Sumatera,PDAM Kota Padang
pdam-kota-palembang,PDAM Sumatera,PDAM Kota Palembang
pdam-kota-pangkalpinang,PDAM Sumatera,PDAM Kota Pangkal Pinang
pdam-kota-pariaman,PDAM Sumatera,PDAM Kota Pariaman
pdam-kota-payakumbuh,PDAM Sumatera,PDAM Kota Payakumbuh
pdam-kota-pekanbaru,PDAM Sumatera,PDAM Kota Pekanbaru
pdam-kota-pematangsiantar,PDAM Sumatera,PDAM Kota Pematangsiantar
pdam-kota-prabumulih,PDAM Sumatera,PDAM Kota Prabumulih
pdam-kota-sabang,PDAM Sumatera,PDAM Kota Sabang
pdam-kota-sungaipenuh,PDAM Sumatera,PDAM Kota Sungai Penuh
pdam-kota-tanjungbalai,PDAM Sumatera,PDAM Kota Tanjung Balai
pdam-kota-tanjungpinang,PDAM Sumatera,PDAM Kota Tanjung Pinang
pdam-kota-tebingtinggi,PDAM Sumatera,PDAM Kota Tebingtinggi
pdam-tirta-kepri,PDAM Sumatera,PDAM Tirta Kepri
pdam-tirta-khayanganjambi,PDAM Sumatera,PDAM Tirta Khayangan Jambi
pdam-tirtanadi-sumut,PDAM Sumatera,PDAM Tirtanadi Medan (Sumut)
plnmobile-3000,PLN Mobile,PLN Mobile 3000
plnmobile-3500,PLN Mobile,PLN Mobile 3500
plnmobile-4000,PLN Mobile,PLN Mobile 4000
plnmobile-5500,PLN Mobile,PLN Mobile 5500
pln-nonrek-10000,PLN Nontaglist,PLN Nontaglist admin 10000
pln-nonrek-10150,PLN Nontaglist,PLN Nontaglist admin 10150
pln-nonrek-10200,PLN Nontaglist,PLN Nontaglist admin 10200
pln-nonrek-10500,PLN Nontaglist,PLN Nontaglist admin 10500
pln-nonrek-10600,PLN Nontaglist,PLN Nontaglist admin 10600
pln-nonrek-2000,PLN Nontaglist,PLN Nontaglist admin 2000
pln-nonrek-2150,PLN Nontaglist,PLN Nontaglist admin 2150
pln-nonrek-2200,PLN Nontaglist,PLN Nontaglist admin 2200
pln-nonrek-2500,PLN Nontaglist,PLN Nontaglist admin 2500
pln-nonrek-2600,PLN Nontaglist,PLN Nontaglist admin 2600
pln-nonrek-2650,PLN Nontaglist,PLN Nontaglist admin 2650
pln-nonrek-2700,PLN Nontaglist,PLN Nontaglist admin 2700
pln-nonrek-2750,PLN Nontaglist,PLN Nontaglist admin 2750
pln-nonrek-2900,PLN Nontaglist,PLN Nontaglist admin 2900
pln-nonrek-2950,PLN Nontaglist,PLN Nontaglist admin 2950
pln-nonrek-3000,PLN Nontaglist,PLN Nontaglist admin 3000
pln-nonrek-3150,PLN Nontaglist,PLN Nontaglist admin 3150
pln-nonrek-3200,PLN Nontaglist,PLN Nontaglist admin 3200
pln-nonrek-3500,PLN Nontaglist,PLN Nontaglist admin 3500
pln-nonrek-3600,PLN Nontaglist,PLN Nontaglist admin 3600
pln-nonrek-3650,PLN Nontaglist,PLN Nontaglist admin 3650
pln-nonrek-3700,PLN Nontaglist,PLN Nontaglist admin 3700
pln-nonrek-4000,PLN Nontaglist,PLN Nontaglist admin 4000
pln-nonrek-4150,PLN Nontaglist,PLN Nontaglist admin 4150
pln-nonrek-4200,PLN Nontaglist,PLN Nontaglist admin 4200
pln-nonrek-4500,PLN Nontaglist,PLN Nontaglist admin 4500
pln-nonrek-4600,PLN Nontaglist,PLN Nontaglist admin 4600
pln-nonrek-4650,PLN Nontaglist,PLN Nontaglist admin 4650
pln-nonrek-4700,PLN Nontaglist,PLN Nontaglist admin 4700
pln-nonrek-5000,PLN Nontaglist,PLN Nontaglist admin 5000
pln-nonrek-5150,PLN Nontaglist,PLN Nontaglist admin 5150
pln-nonrek-5200,PLN Nontaglist,PLN Nontaglist admin 5200
pln-nonrek-5500,PLN Nontaglist,PLN Nontaglist admin 5500
pln-nonrek-5600,PLN Nontaglist,PLN Nontaglist admin 5600
pln-nonrek-5650,PLN Nontaglist,PLN Nontaglist admin 5650
pln-nonrek-5700,PLN Nontaglist,PLN Nontaglist admin 5700
pln-nonrek-6000,PLN Nontaglist,PLN Nontaglist admin 6000
pln-nonrek-6150,PLN Nontaglist,PLN Nontaglist admin 6150
pln-nonrek-6200,PLN Nontaglist,PLN Nontaglist admin 6200
pln-nonrek-6500,PLN Nontaglist,PLN Nontaglist admin 6500
pln-nonrek-6600,PLN Nontaglist,PLN Nontaglist admin 6600
pln-nonrek-6700,PLN Nontaglist,PLN Nontaglist admin 6700
pln-nonrek-7000,PLN Nontaglist,PLN Nontaglist admin 7000
pln-nonrek-7200,PLN Nontaglist,PLN Nontaglist admin 7200
pln-nonrek-7500,PLN Nontaglist,PLN Nontaglist admin 7500
pln-nonrek-7600,PLN Nontaglist,PLN Nontaglist admin 7600
pln-nonrek-8000,PLN Nontaglist,PLN Nontaglist admin 8000
pln-nonrek-8150,PLN Nontaglist,PLN Nontaglist admin 8150
pln-nonrek-8200,PLN Nontaglist,PLN Nontaglist admin 8200
pln-nonrek-8500,PLN Nontaglist,PLN Nontaglist admin 8500
pln-nonrek-8600,PLN Nontaglist,PLN Nontaglist admin 8600
pln-nonrek-9000,PLN Nontaglist,PLN Nontaglist admin 9000
pln-nonrek-9500,PLN Nontaglist,PLN Nontaglist admin 9500
pln-nonrek-9600,PLN Nontaglist,PLN Nontaglist admin 9600
pln-postpaid-10000,PLN Postpaid,PLN Postpaid admin 10000
pln-postpaid-10150,PLN Postpaid,PLN Postpaid admin 10150
pln-postpaid-10200,PLN Postpaid,PLN Postpaid admin 10200
pln-postpaid-10500,PLN Postpaid,PLN Postpaid admin 10500
pln-postpaid-10600,PLN Postpaid,PLN Postpaid admin 10600
pln-postpaid-2000,PLN Postpaid,PLN Postpaid admin 2000
pln-postpaid-2150,PLN Postpaid,PLN Postpaid admin 2150
pln-postpaid-2200,PLN Postpaid,PLN Postpaid admin 2200
pln-postpaid-2500,PLN Postpaid,PLN Postpaid admin 2500
pln-postpaid-2600,PLN Postpaid,PLN Postpaid admin 2600
pln-postpaid-2650,PLN Postpaid,PLN Postpaid admin 2650
pln-postpaid-2700,PLN Postpaid,PLN Postpaid admin 2700
pln-postpaid-2750,PLN Postpaid,PLN Postpaid admin 2750
pln-postpaid-2900,PLN Postpaid,PLN Postpaid admin 2900
pln-postpaid-2950,PLN Postpaid,PLN Postpaid admin 2950
pln-postpaid-3000,PLN Postpaid,PLN Postpaid admin 3000
pln-postpaid-3150,PLN Postpaid,PLN Postpaid admin 3150
pln-postpaid-3200,PLN Postpaid,PLN Postpaid admin 3200
pln-postpaid-3500,PLN Postpaid,PLN Postpaid admin 3500
pln-postpaid-3600,PLN Postpaid,PLN Postpaid admin 3600
pln-postpaid-3650,PLN Postpaid,PLN Postpaid admin 3650
pln-postpaid-3700,PLN Postpaid,PLN Postpaid admin 3700
pln-postpaid-4000,PLN Postpaid,PLN Postpaid admin 4000
pln-postpaid-4150,PLN Postpaid,PLN Postpaid admin 4150
pln-postpaid-4200,PLN Postpaid,PLN Postpaid admin 4200
pln-postpaid-4500,PLN Postpaid,PLN Postpaid admin 4500
pln-postpaid-4600,PLN Postpaid,PLN Postpaid admin 4600
pln-postpaid-4650,PLN Postpaid,PLN Postpaid admin 4650
pln-postpaid-4700,PLN Postpaid,PLN Postpaid admin 4700
pln-postpaid-5000,PLN Postpaid,PLN Postpaid admin 5000
pln-postpaid-5150,PLN Postpaid,PLN Postpaid admin 5150
pln-postpaid-5200,PLN Postpaid,PLN Postpaid admin 5200
pln-postpaid-5500,PLN Postpaid,PLN Postpaid admin 5500
pln-postpaid-5600,PLN Postpaid,PLN Postpaid admin 5600
pln-postpaid-5650,PLN Postpaid,PLN Postpaid admin 5650
pln-postpaid-5700,PLN Postpaid,PLN Postpaid admin 5700
pln-postpaid-6000,PLN Postpaid,PLN Postpaid admin 6000
pln-postpaid-6150,PLN Postpaid,PLN Postpaid admin 6150
pln-postpaid-6200,PLN Postpaid,PLN Postpaid admin 6200
pln-postpaid-6500,PLN Postpaid,PLN Postpaid admin 6500
pln-postpaid-6600,PLN Postpaid,PLN Postpaid admin 6600
pln-postpaid-6700,PLN Postpaid,PLN Postpaid admin 6700
pln-postpaid-7000,PLN Postpaid,PLN Postpaid admin 7000
pln-postpaid-7200,PLN Postpaid,PLN Postpaid admin 7200
pln-postpaid-7500,PLN Postpaid,PLN Postpaid admin 7500
pln-postpaid-7600,PLN Postpaid,PLN Postpaid admin 7600
pln-postpaid-8000,PLN Postpaid,PLN Postpaid admin 8000
pln-postpaid-8150,PLN Postpaid,PLN Postpaid admin 8150
pln-postpaid-8200,PLN Postpaid,PLN Postpaid admin 8200
pln-postpaid-8500,PLN Postpaid,PLN Postpaid admin 8500
pln-postpaid-8600,PLN Postpaid,PLN Postpaid admin 8600
pln-postpaid-9000,PLN Postpaid,PLN Postpaid admin 9000
pln-postpaid-9500,PLN Postpaid,PLN Postpaid admin 9500
pln-postpaid-9600,PLN Postpaid,PLN Postpaid admin 9600
pln-prepaid-10000,PLN Prepaid,PLN Prepaid admin 10000
pln-prepaid-10150,PLN Prepaid,PLN Prepaid admin 10150
pln-prepaid-10200,PLN Prepaid,PLN Prepaid admin 10200
pln-prepaid-10500,PLN Prepaid,PLN Prepaid admin 10500
pln-prepaid-10600,PLN Prepaid,PLN Prepaid admin 10600
pln-prepaid-2000,PLN Prepaid,PLN Prepaid admin 2000
pln-prepaid-2150,PLN Prepaid,PLN Prepaid admin 2150
pln-prepaid-2200,PLN Prepaid,PLN Prepaid admin 2200
pln-prepaid-2300,PLN Prepaid,PLN Prepaid admin 2300
pln-prepaid-2500,PLN Prepaid,PLN Prepaid admin 2500
pln-prepaid-2600,PLN Prepaid,PLN Prepaid admin 2600
pln-prepaid-2650,PLN Prepaid,PLN Prepaid admin 2650
pln-prepaid-2700,PLN Prepaid,PLN Prepaid admin 2700
pln-prepaid-2750,PLN Prepaid,PLN Prepaid admin 2750
pln-prepaid-2900,PLN Prepaid,PLN Prepaid admin 2900
pln-prepaid-2950,PLN Prepaid,PLN Prepaid admin 2950
pln-prepaid-3000,PLN Prepaid,PLN Prepaid admin 3000
pln-prepaid-3150,PLN Prepaid,PLN Prepaid admin 3150
pln-prepaid-3200,PLN Prepaid,PLN Prepaid admin 3200
pln-prepaid-3500,PLN Prepaid,PLN Prepaid admin 3500
pln-prepaid-3600,PLN Prepaid,PLN Prepaid admin 3600
pln-prepaid-3650,PLN Prepaid,PLN Prepaid admin 3650
pln-prepaid-3700,PLN Prepaid,PLN Prepaid admin 3700
pln-prepaid-4000,PLN Prepaid,PLN Prepaid admin 4000
pln-prepaid-4150,PLN Prepaid,PLN Prepaid admin 4150
pln-prepaid-4200,PLN Prepaid,PLN Prepaid admin 4200
pln-prepaid-4500,PLN Prepaid,PLN Prepaid admin 4500
pln-prepaid-4600,PLN Prepaid,PLN Prepaid admin 4600
pln-prepaid-4650,PLN Prepaid,PLN Prepaid admin 4650
pln-prepaid-4700,PLN Prepaid,PLN Prepaid admin 4700
pln-prepaid-5000,PLN Prepaid,PLN Prepaid admin 5000
pln-prepaid-5150,PLN Prepaid,PLN Prepaid admin 5150
pln-prepaid-5200,PLN Prepaid,PLN Prepaid admin 5200
pln-prepaid-5500,PLN Prepaid,PLN Prepaid admin 5500
pln-prepaid-5600,PLN Prepaid,PLN Prepaid admin 5600
pln-prepaid-5650,PLN Prepaid,PLN Prepaid admin 5650
pln-prepaid-5700,PLN Prepaid,PLN Prepaid admin 5700
pln-prepaid-6000,PLN Prepaid,PLN Prepaid admin 6000
pln-prepaid-6150,PLN Prepaid,PLN Prepaid admin 6150
pln-prepaid-6200,PLN Prepaid,PLN Prepaid admin 6200
pln-prepaid-6500,PLN Prepaid,PLN Prepaid admin 6500
pln-prepaid-6600,PLN Prepaid,PLN Prepaid admin 6600
pln-prepaid-6700,PLN Prepaid,PLN Prepaid admin 6700
pln-prepaid-7000,PLN Prepaid,PLN Prepaid admin 7000
pln-prepaid-7200,PLN Prepaid,PLN Prepaid admin 7200
pln-prepaid-7500,PLN Prepaid,PLN Prepaid admin 7500
pln-prepaid-7600,PLN Prepaid,PLN Prepaid admin 7600
pln-prepaid-8000,PLN Prepaid,PLN Prepaid admin 8000
pln-prepaid-8150,PLN Prepaid,PLN Prepaid admin 8150
pln-prepaid-8200,PLN Prepaid,PLN Prepaid admin 8200
pln-prepaid-8500,PLN Prepaid,PLN Prepaid admin 8500
pln-prepaid-8600,PLN Prepaid,PLN Prepaid admin 8600
pln-prepaid-9000,PLN Prepaid,PLN Prepaid admin 9000
pln-prepaid-9500,PLN Prepaid,PLN Prepaid admin 9500
pln-prepaid-9600,PLN Prepaid,PLN Prepaid admin 9600
pln-prepaidk-10000,PLN Prepaid,PLN Prepaid admin 10000
pln-prepaidk-10150,PLN Prepaid,PLN Prepaid admin 10150
pln-prepaidk-10200,PLN Prepaid,PLN Prepaid admin 10200
pln-prepaidk-10500,PLN Prepaid,PLN Prepaid admin 10500
pln-prepaidk-10600,PLN Prepaid,PLN Prepaid admin 10600
pln-prepaidk-2500,PLN Prepaid,PLN Prepaid admin 2500
pln-prepaidk-2600,PLN Prepaid,PLN Prepaid admin 2600
pln-prepaidk-2650,PLN Prepaid,PLN Prepaid admin 2650
pln-prepaidk-2700,PLN Prepaid,PLN Prepaid admin 2700
pln-prepaidk-2750,PLN Prepaid,PLN Prepaid admin 2750
pln-prepaidk-2900,PLN Prepaid,PLN Prepaid admin 2900
pln-prepaidk-2950,PLN Prepaid,PLN Prepaid admin 2950
pln-prepaidk-3000,PLN Prepaid,PLN Prepaid admin 3000
pln-prepaidk-3150,PLN Prepaid,PLN Prepaid admin 3150
pln-prepaidk-3200,PLN Prepaid,PLN Prepaid admin 3200
pln-prepaidk-3500,PLN Prepaid,PLN Prepaid admin 3500
pln-prepaidk-3600,PLN Prepaid,PLN Prepaid admin 3600
pln-prepaidk-3650,PLN Prepaid,PLN Prepaid admin 3650
pln-prepaidk-3700,PLN Prepaid,PLN Prepaid admin 3700
pln-prepaidk-4000,PLN Prepaid,PLN Prepaid admin 4000
pln-prepaidk-4150,PLN Prepaid,PLN Prepaid admin 4150
pln-prepaidk-4200,PLN Prepaid,PLN Prepaid admin 4200
pln-prepaidk-4500,PLN Prepaid,PLN Prepaid admin 4500
pln-prepaidk-4600,PLN Prepaid,PLN Prepaid admin 4600
pln-prepaidk-4650,PLN Prepaid,PLN Prepaid admin 4650
pln-prepaidk-4700,PLN Prepaid,PLN Prepaid admin 4700
pln-prepaidk-5000,PLN Prepaid,PLN Prepaid admin 5000
pln-prepaidk-5150,PLN Prepaid,PLN Prepaid admin 5150
pln-prepaidk-5200,PLN Prepaid,PLN Prepaid admin 5200
pln-prepaidk-5500,PLN Prepaid,PLN Prepaid admin 5500
pln-prepaidk-5600,PLN Prepaid,PLN Prepaid admin 5600
pln-prepaidk-5650,PLN Prepaid,PLN Prepaid admin 5650
pln-prepaidk-5700,PLN Prepaid,PLN Prepaid admin 5700
pln-prepaidk-6000,PLN Prepaid,PLN Prepaid admin 6000
pln-prepaidk-6150,PLN Prepaid,PLN Prepaid admin 6150
pln-prepaidk-6200,PLN Prepaid,PLN Prepaid admin 6200
pln-prepaidk-6500,PLN Prepaid,PLN Prepaid admin 6500
pln-prepaidk-6600,PLN Prepaid,PLN Prepaid admin 6600
pln-prepaidk-6700,PLN Prepaid,PLN Prepaid admin 6700
pln-prepaidk-7000,PLN Prepaid,PLN Prepaid admin 7000
pln-prepaidk-7500,PLN Prepaid,PLN Prepaid admin 7500
pln-prepaidk-7600,PLN Prepaid,PLN Prepaid admin 7600
pln-prepaidk-8000,PLN Prepaid,PLN Prepaid admin 8000
pln-prepaidk-8150,PLN Prepaid,PLN Prepaid admin 8150
pln-prepaidk-8200,PLN Prepaid,PLN Prepaid admin 8200
pln-prepaidk-8500,PLN Prepaid,PLN Prepaid admin 8500
pln-prepaidk-8600,PLN Prepaid,PLN Prepaid admin 8600
pln-prepaidk-9000,PLN Prepaid,PLN Prepaid admin 9000
pln-prepaidk-9500,PLN Prepaid,PLN Prepaid admin 9500
pln-prepaidk-9600,PLN Prepaid,PLN Prepaid admin 9600
pulsa-axis-1000K,Pulsa AXIS,Pulsa AXIS 1000K
pulsa-axis-100K,Pulsa AXIS,Pulsa AXIS 100K
pulsa-axis-10K,Pulsa AXIS,Pulsa AXIS 10K
pulsa-axis-150K,Pulsa AXIS,Pulsa AXIS 150K
pulsa-axis-15K,Pulsa AXIS,Pulsa AXIS 15K
pulsa-axis-200K,Pulsa AXIS,Pulsa AXIS 200K
pulsa-axis-25K,Pulsa AXIS,Pulsa AXIS 25K
pulsa-axis-300K,Pulsa AXIS,Pulsa AXIS 300K
pulsa-axis-30K,Pulsa AXIS,Pulsa AXIS 30K
pulsa-axis-500K,Pulsa AXIS,Pulsa AXIS 500K
pulsa-axis-50K,Pulsa AXIS,Pulsa AXIS 50K
pulsa-axis-5K,Pulsa AXIS,Pulsa AXIS 5K
pulsa-byu-100K,Pulsa BY U,Pulsa BY U 100K
pulsa-byu-10K,Pulsa BY U,Pulsa BY U 10K
pulsa-byu-150K,Pulsa BY U,Pulsa BY U 150K
pulsa-byu-15K,Pulsa BY U,Pulsa BY U 15K
pulsa-byu-1K,Pulsa BY U,Pulsa BY U 1K
pulsa-byu-200K,Pulsa BY U,Pulsa BY U 200K
pulsa-byu-20K,Pulsa BY U,Pulsa BY U 20K
pulsa-byu-25K,Pulsa BY U,Pulsa BY U 25K
pulsa-byu-30K,Pulsa BY U,Pulsa BY U 30K
pulsa-byu-35K,Pulsa BY U,Pulsa BY U 35K
pulsa-byu-40K,Pulsa BY U,Pulsa BY U 40K
pulsa-byu-45K,Pulsa BY U,Pulsa BY U 45K
pulsa-byu-50K,Pulsa BY U,Pulsa BY U 50K
pulsa-byu-55K,Pulsa BY U,Pulsa BY U 55K
pulsa-byu-5K,Pulsa BY U,Pulsa BY U 5K
pulsa-byu-60K,Pulsa BY U,Pulsa BY U 60K
pulsa-byu-65K,Pulsa BY U,Pulsa BY U 65K
pulsa-byu-70K,Pulsa BY U,Pulsa BY U 70K
pulsa-byu-75K,Pulsa BY U,Pulsa BY U 75K
pulsa-byu-80K,Pulsa BY U,Pulsa BY U 80K
pulsa-byu-85K,Pulsa BY U,Pulsa BY U 85K
pulsa-byu-90K,Pulsa BY U,Pulsa BY U 90K
pulsa-byu-95K,Pulsa BY U,Pulsa BY U 95K
pulsa-indosat-1000K,Pulsa Indosat,Pulsa Indosat 1000K
pulsa-indosat-100K,Pulsa Indosat,Pulsa Indosat 100K
pulsa-indosat-10K,Pulsa Indosat,Pulsa Indosat 10K
pulsa-indosat-125K,Pulsa Indosat,Pulsa Indosat 125K
pulsa-indosat-12K,Pulsa Indosat,Pulsa Indosat 12K
pulsa-indosat-150K,Pulsa Indosat,Pulsa Indosat 150K
pulsa-indosat-15K,Pulsa Indosat,Pulsa Indosat 15K
pulsa-indosat-175K,Pulsa Indosat,Pulsa Indosat 175K
pulsa-indosat-200K,Pulsa Indosat,Pulsa Indosat 200K
pulsa-indosat-20K,Pulsa Indosat,Pulsa Indosat 20K
pulsa-indosat-250K,Pulsa Indosat,Pulsa Indosat 250K
pulsa-indosat-25K,Pulsa Indosat,Pulsa Indosat 25K
pulsa-indosat-30K,Pulsa Indosat,Pulsa Indosat 30K
pulsa-indosat-40K,Pulsa Indosat,Pulsa Indosat 40K
pulsa-indosat-500K,Pulsa Indosat,Pulsa Indosat 500K
pulsa-indosat-50K,Pulsa Indosat,Pulsa Indosat 50K
pulsa-indosat-5K,Pulsa Indosat,Pulsa Indosat 5K
pulsa-indosat-60K,Pulsa Indosat,Pulsa Indosat 60K
pulsa-indosat-70K,Pulsa Indosat,Pulsa Indosat 70K
pulsa-indosat-80K,Pulsa Indosat,Pulsa Indosat 80K
pulsa-indosat-90K,Pulsa Indosat,Pulsa Indosat 90K
pulsa-smartfren-1000K,Pulsa Smartfren,Pulsa Smartfren 1000K
pulsa-smartfren-100K,Pulsa Smartfren,Pulsa Smartfren 100K
pulsa-smartfren-10K,Pulsa Smartfren,Pulsa Smartfren 10K
pulsa-smartfren-150K,Pulsa Smartfren,Pulsa Smartfren 150K
pulsa-smartfren-15K,Pulsa Smartfren,Pulsa Smartfren 15K
pulsa-smartfren-200K,Pulsa Smartfren,Pulsa Smartfren 200K
pulsa-smartfren-20K,Pulsa Smartfren,Pulsa Smartfren 20K
pulsa-smartfren-25K,Pulsa Smartfren,Pulsa Smartfren 25K
pulsa-smartfren-300K,Pulsa Smartfren,Pulsa Smartfren 300K
pulsa-smartfren-30K,Pulsa Smartfren,Pulsa Smartfren 30K
pulsa-smartfren-500K,Pulsa Smartfren,Pulsa Smartfren 500K
pulsa-smartfren-50K,Pulsa Smartfren,Pulsa Smartfren 50K
pulsa-smartfren-5K,Pulsa Smartfren,Pulsa Smartfren 5K
pulsa-smartfren-60K,Pulsa Smartfren,Pulsa Smartfren 60K
pulsa-smartfren-75K,Pulsa Smartfren,Pulsa Smartfren 75K
pulsa-telkomsel-1000K,Pulsa Telkomsel,Pulsa Telkomsel 1000K
pulsa-telkomsel-100K,Pulsa Telkomsel,Pulsa Telkomsel 100K
pulsa-telkomsel-10K,Pulsa Telkomsel,Pulsa Telkomsel 10K
pulsa-telkomsel-150K,Pulsa Telkomsel,Pulsa Telkomsel 150K
pulsa-telkomsel-15K,Pulsa Telkomsel,Pulsa Telkomsel 15K
pulsa-telkomsel-1K,Pulsa Telkomsel,Pulsa Telkomsel 1K
pulsa-telkomsel-200K,Pulsa Telkomsel,Pulsa Telkomsel 200K
pulsa-telkomsel-20K,Pulsa Telkomsel,Pulsa Telkomsel 20K
pulsa-telkomsel-25K,Pulsa Telkomsel,Pulsa Telkomsel 25K
pulsa-telkomsel-2K,Pulsa Telkomsel,Pulsa Telkomsel 2K
pulsa-telkomsel-300K,Pulsa Telkomsel,Pulsa Telkomsel 300K
pulsa-telkomsel-30K,Pulsa Telkomsel,Pulsa Telkomsel 30K
pulsa-telkomsel-35K,Pulsa Telkomsel,Pulsa Telkomsel 35K
pulsa-telkomsel-3K,Pulsa Telkomsel,Pulsa Telkomsel 3K
pulsa-telkomsel-40K,Pulsa Telkomsel,Pulsa Telkomsel 40K
pulsa-telkomsel-45K,Pulsa Telkomsel,Pulsa Telkomsel 45K
pulsa-telkomsel-500K,Pulsa Telkomsel,Pulsa Telkomsel 500K
pulsa-telkomsel-50K,Pulsa Telkomsel,Pulsa Telkomsel 50K
pulsa-telkomsel-55K,Pulsa Telkomsel,Pulsa Telkomsel 55K
pulsa-telkomsel-5K,Pulsa Telkomsel,Pulsa Telkomsel 5K
pulsa-telkomsel-60K,Pulsa Telkomsel,Pulsa Telkomsel 60K
pulsa-telkomsel-65K,Pulsa Telkomsel,Pulsa Telkomsel 65K
pulsa-telkomsel-70K,Pulsa Telkomsel,Pulsa Telkomsel 70K
pulsa-telkomsel-75K,Pulsa Telkomsel,Pulsa Telkomsel 75K
pulsa-telkomsel-80K,Pulsa Telkomsel,Pulsa Telkomsel 80K
pulsa-telkomsel-85K,Pulsa Telkomsel,Pulsa Telkomsel 85K
pulsa-telkomsel-90K,Pulsa Telkomsel,Pulsa Telkomsel 90K
pulsa-telkomsel-95K,Pulsa Telkomsel,Pulsa Telkomsel 95K
pulsa-three-1000K,Pulsa Three,Pulsa Three 1000K
pulsa-three-100K,Pulsa Three,Pulsa Three 100K
pulsa-three-10K,Pulsa Three,Pulsa Three 10K
pulsa-three-150K,Pulsa Three,Pulsa Three 150K
pulsa-three-15K,Pulsa Three,Pulsa Three 15K
pulsa-three-1K,Pulsa Three,Pulsa Three 1K
pulsa-three-200K,Pulsa Three,Pulsa Three 200K
pulsa-three-20K,Pulsa Three,Pulsa Three 20K
pulsa-three-25K,Pulsa Three,Pulsa Three 25K
pulsa-three-2K,Pulsa Three,Pulsa Three 2K
pulsa-three-300K,Pulsa Three,Pulsa Three 300K
pulsa-three-30K,Pulsa Three,Pulsa Three 30K
pulsa-three-3K,Pulsa Three,Pulsa Three 3K
pulsa-three-40K,Pulsa Three,Pulsa Three 40K
pulsa-three-4K,Pulsa Three,Pulsa Three 4K
pulsa-three-500K,Pulsa Three,Pulsa Three 500K
pulsa-three-50K,Pulsa Three,Pulsa Three 50K
pulsa-three-5K,Pulsa Three,Pulsa Three 5K
pulsa-three-75K,Pulsa Three,Pulsa Three 75K
pulsa-xl-1000K,Pulsa XL,Pulsa XL 1000K
pulsa-xl-100K,Pulsa XL,Pulsa XL 100K
pulsa-xl-10K,Pulsa XL,Pulsa XL 10K
pulsa-xl-150K,Pulsa XL,Pulsa XL 150K
pulsa-xl-15K,Pulsa XL,Pulsa XL 15K
pulsa-xl-200K,Pulsa XL,Pulsa XL 200K
pulsa-xl-25K,Pulsa XL,Pulsa XL 25K
pulsa-xl-300K,Pulsa XL,Pulsa XL 300K
pulsa-xl-30K,Pulsa XL,Pulsa XL 30K
pulsa-xl-500K,Pulsa XL,Pulsa XL 500K
pulsa-xl-50K,Pulsa XL,Pulsa XL 50K
pulsa-xl-5K,Pulsa XL,Pulsa XL 5K
telco-cbn,Seluler Pascabayar,Internet CBN Fiber
telco-halo,Seluler Pascabayar,Kartu Halo
telco-iconnet,Seluler Pascabayar,Internet ICONNet
telco-matrix,Seluler Pascabayar,Indosat Matrix
telco-myrepublic,Seluler Pascabayar,Internet MyRepublic
telco-smartfren,Seluler Pascabayar,Smartfren Pascabayar
telco-three,Seluler Pascabayar,Three Pascabayar
telco-xl,Seluler Pascabayar,XL Pascabayar
telkom-speedy,Telkom,Speedy / Indihome Internet
telkom-telepon,Telkom,Telepon Rumah
transfer-aceh,Transfer,BANK ACEH
transfer-agroniaga,Transfer,AGRONIAGA
transfer-aladinsyariah,Transfer,BANK ALADIN SYARIAH
transfer-allo,Transfer,ALLO BANK
transfer-amar,Transfer,BANK AMAR
transfer-anz,Transfer,ANZ INDONESIA
transfer-arthagraha,Transfer,BANK ARTHA GRAHA
transfer-bali,Transfer,BPD BALI
transfer-bangkok,Transfer,BANGKOK BANK
transfer-banten,Transfer,BPD BANTEN
transfer-bca,Transfer,BANK BCA
transfer-bcasyariah,Transfer,BANK BCA SYARIAH
transfer-bengkulu,Transfer,BANK BENGKULU
transfer-bisnis,Transfer,BANK BISNIS
transfer-bjbsyariah,Transfer,BANK JABAR SYARIAH
transfer-bni,Transfer,BANK BNI
transfer-bnpparibas,Transfer,BNP PARIBAS
transfer-boa,Transfer,BANK OF AMERICA
transfer-boc,Transfer,BOC LIMITED
transfer-bri,Transfer,BANK BRI
transfer-bsi,Transfer,BANK BSI
transfer-btn,Transfer,BANK BTN
transfer-btpn,Transfer,BANK BTPN
transfer-btpnsyariah,Transfer,BANK BTPN SYARIAH
transfer-bukopin,Transfer,BANK BUKOPIN
transfer-bukopinsyariah,Transfer,BANK SYARIAH BUKOPIN
transfer-bumiarta,Transfer,BANK BUMI ARTA
transfer-capital,Transfer,BANK CAPITAL
transfer-ccb,Transfer,CHINA CONSTRUCTION BANK
transfer-cimb,Transfer,BANK CIMB
transfer-citibank,Transfer,CITIBANK
transfer-commonwealth,Transfer,BANK COMMONWEALTH
transfer-ctbc,Transfer,CTBC INDONESIA
transfer-danamon,Transfer,BANK DANAMON
transfer-dbs,Transfer,BANK DBS
transfer-deutsche,Transfer,DEUTSCHE BANK
transfer-digitalbca,Transfer,BANK DIGITAL BCA
transfer-diy,Transfer,BANK BPD DIY
transfer-dki,Transfer,BANK DKI
transfer-fama,Transfer,BANK FAMA
transfer-ganesha,Transfer,BANK GANESHA
transfer-hsbc,Transfer,HSBC INDONESIA
transfer-ibk,Transfer,BANK IBK
transfer-icbc,Transfer,BANK ICBC
transfer-ina,Transfer,BANK INA
transfer-index,Transfer,BANK INDEX
transfer-india,Transfer,BANK OF INDIA
transfer-interim,Transfer,BANK INTERIM
transfer-jabar,Transfer,BANK JABAR
transfer-jago,Transfer,BANK JAGO
transfer-jambi,Transfer,BPD JAMBI
transfer-jasajakarta,Transfer,BANK JASA JAKARTA
transfer-jateng,Transfer,BANK JATENG
transfer-jatim,Transfer,BANK JATIM
transfer-jpmorgan,Transfer,JPMORGAN BANK
transfer-jtrust,Transfer,BANK JTRUST
transfer-kalbar,Transfer,BPD KALBAR
transfer-kalsel,Transfer,BPD KALSEL
transfer-kalteng,Transfer,BPD KALTENG
transfer-kaltimtara,Transfer,BPD KALTIMTARA
transfer-kebhana,Transfer,BANK KEB HANA
transfer-lampung,Transfer,BANK LAMPUNG
transfer-maluku,Transfer,BANK MALUKU
transfer-mandiri,Transfer,BANK MANDIRI
transfer-mandiritaspen,Transfer,BANK MANDIRI TASPEN
transfer-mas,Transfer,BANK MAS
transfer-maspion,Transfer,BANK MASPION
transfer-mayapada,Transfer,BANK MAYAPADA
transfer-maybank,Transfer,BANK MAYBANK
transfer-mayora,Transfer,BANK MAYORA
transfer-mega,Transfer,BANK MEGA
transfer-megasyariah,Transfer,BANK MEGA SYARIAH
transfer-mestika,Transfer,BANK MESTIKA
transfer-mizuho,Transfer,BANK MIZUHO
transfer-mnc,Transfer,MNC BANK
transfer-muamalat,Transfer,BANK MUAMALAT
transfer-mufg,Transfer,MUFG BANK
transfer-nagari,Transfer,BANK NAGARI
transfer-neo,Transfer,BANK NEO COMMERCE
transfer-nobu,Transfer,BANK NATIONAL NOBU
transfer-ntb,Transfer,BANK NTB
transfer-ntt,Transfer,BPD NTT
transfer-ocbc,Transfer,OCBC NISP
transfer-oke,Transfer,BANK OKE
transfer-panin,Transfer,BANK PANIN
transfer-paninsyariah,Transfer,PANIN DUBAI SYARIAH
transfer-papua,Transfer,BPD PAPUA
transfer-permata,Transfer,BANK PERMATA
transfer-primamaster,Transfer,PRIMA MASTER
transfer-qnb,Transfer,BANK QNB
transfer-resona,Transfer,BANK RESONA
transfer-riau,Transfer,BANK RIAU
transfer-sampoerna,Transfer,BANK SAMPOERNA
transfer-sbi,Transfer,BANK SBI
transfer-seabank,Transfer,BANK SEABANK
transfer-shinhan,Transfer,BANK SHINHAN IND
transfer-sinarmas,Transfer,BANK SINARMAS
transfer-standardchartered,Transfer,BANK STANDARD CHARTERED
transfer-sulselbar,Transfer,BANK SULSELBAR
transfer-sulteng,Transfer,BPD SULTENG
transfer-sultra,Transfer,BPD SULTRA
transfer-sulutgo,Transfer,BPD SULUT
transfer-sumbar,Transfer,BANK SUMBAR
transfer-sumselbabel,Transfer,BPD SUMSEL BABEL
transfer-sumut,Transfer,BANK SUMUT
transfer-uob,Transfer,UOB INDONESIA
transfer-victoria,Transfer,BANK VICTORIA
transfer-victoriasyariah,Transfer,BANK VICTORIA SYARIAH
transfer-woori,Transfer,BANK WOORI SAUDARA
telkom-telkomvision,TV Berbayar,TELKOMVISION
tv-big,TV Berbayar,BIG TV
tv-firstmedia,TV Berbayar,First Media
tv-indovision,TV Berbayar,INDOVISION TV
tv-mncplay,TV Berbayar,TV MNC PLAY
tv-mncvision,TV Berbayar,TV MNC VISION
tv-nex,TV Berbayar,NEX TV
tv-topas,TV Berbayar,TV Topas
tv-transvision,TV Berbayar,TRANS VISION
